label_id,matched_wording,product_type,product_construction,product_material,product_treatment,product_type_status,review_status,reviewed_by,review_note
gold-00108d0374819bad,Painting Kit,Painting Kit,,,,accepted,reviewed,Codex evaluation agent independent source review,"Independent full source inspection; physical wording reviewed, artwork does not establish material or type."
gold-001e9425907a5bb0,Decorative Letter,Decorative Letter,Weighted,Fabric,,accepted,reviewed,Codex independent construction gold reviewer,With weighted bottom explicitly describes physical letter construction; not an artwork word or numeric weight/dimension. Weighted follows existing same-phrase canonical peers.
gold-006182fe7f341df8,Framed Print,Framed Print,Floating Frame,Paper,Embossed; Foil,accepted,reviewed,Codex evaluation agent source review,Independent full source selection inspection; explicit physical wording and adjacent modifiers; artwork excluded. Unassessed subtype selections are not assigned. Source class correction: explicit Oxford means Fabric; floating character physical form and floating frame vocabulary retained.
gold-006742f0a7172e64,Storage Hamper,Storage Hamper,Pop-Up,Polyester,,accepted,reviewed,Codex evaluation agent source review,Independent full source selection inspection; explicit physical wording and adjacent modifiers; artwork excluded. Unassessed subtype selections are not assigned.
gold-00d8dd236c90c96e,Tile,Tile,Hexagonal,,,accepted,reviewed,Codex evaluation agent independent full source review,Explicit source product wording; assortment/sample words do not erase product evidence.
gold-013c647f4ef02d3f,Canvas,Canvas,,Canvas,Foil; Gravel; Handpaint,accepted,reviewed,Codex independent catalog reviewer,Independently reviewed underscore product group; suffix semantic contexts checked; no reader predictions
gold-0152262df528fe16,Memo Board,Memo Board,,Felt,,accepted,reviewed,Codex independent catalog reviewer,Independent physical noun and all observed modifier groups reviewed; semantic suffix contexts and every underscore variant inspected; no reader predictions
gold-02142713e4312f6b,Framed Print,Framed Print,Deckled Edge; Framed,Glass; Linen,,accepted,reviewed,Codex independent catalog reviewer,Canonical explicit edge modifier; peer deckled prints use Deckled Edge.
gold-024bec37a4878990,Framed Art,Framed Art,Framed,Glass,Foil,accepted,reviewed,Codex evaluation agent source review,Independent full source selection inspection; explicit physical wording and adjacent modifiers; artwork excluded. Unassessed subtype selections are not assigned.
gold-02a13cf4044145f5,Framed Collage,Framed Collage,Framed,,,accepted,reviewed,Codex independent catalog reviewer,Physical wording and modifiers independently reviewed against source
gold-02d9bb96fecd9244,Storage Hamper,Storage Hamper,,,,accepted,reviewed,Codex evaluation agent source review,Independent full source selection inspection; explicit physical wording and adjacent modifiers; artwork excluded. Unassessed subtype selections are not assigned.
gold-034c427ce34a653d,Sign,Sign,Hanging,MDF,Glitter,accepted,reviewed,Codex independent construction gold reviewer,Hanging rope or hanging sign explicitly states physical placement/construction.
gold-038cb03df37ff2c6,Framed Art,Framed Art,Framed; Squiggle,,,accepted,reviewed,Codex evaluation agent source review,Independent full source selection inspection; explicit physical wording and adjacent modifiers; artwork excluded. Unassessed subtype selections are not assigned.
gold-03d4bc236fe78e7e,Framed Glass Shadowbox,Framed Glass Shadowbox,Framed; Frayed,Glass; Linen,,accepted,reviewed,Codex evaluation agent source review,Independent full source selection inspection; explicit physical wording and adjacent modifiers; artwork excluded. Unassessed subtype selections are not assigned.
gold-0412251e5868d4c7,Block,Block,,Ceramic,,accepted,reviewed,Codex independent construction gold reviewer,"Physical source wording; dimensions, licensor, property, color and artwork excluded."
gold-04153848202b02d9,Framed Print,Framed Print,Framed; Setback,MDF,Glitter,accepted,reviewed,Codex evaluation agent source review,Independent full source selection inspection; explicit physical wording and adjacent modifiers; artwork excluded. Unassessed subtype selections are not assigned.
gold-0454f1cbc7e85ef8,Framed Fabric Art,Framed Fabric Art,Framed,Linen,,accepted,reviewed,Codex independent catalog reviewer,Physical wording and modifiers independently reviewed against source
gold-0474a287d8392f0e,Writing Desk,Writing Desk,With Legs,,,accepted,reviewed,Codex independent catalog reviewer,Canonical physical support phrase; no inference from artwork.
gold-04a0f0553a616668,Framed Art,Framed Art,Deckled Edge; Framed; Matted,Paper,Foil,accepted,reviewed,Codex evaluation agent source review,Independent full source selection inspection; explicit physical wording and adjacent modifiers; artwork excluded. Unassessed subtype selections are not assigned.
gold-04d8de4782414b06,Photo Frame,Photo Frame,Die-Cut Attachment,MDF,,accepted,reviewed,Codex independent catalog reviewer,"Diecut directly modifies Lion Attachment, not the Photo Frame body; scope construction to Die-Cut Attachment and do not infer whole-frame cutting."
gold-0516eeb97c8b7cec,Canvas,Canvas,,Canvas,Glue Embellishment,accepted,reviewed,Codex independent catalog reviewer,Independently reviewed source physical-wording group and complete semantic modifier contexts
gold-053e8e34367f82eb,Hard Storage Box,Hard Storage Box,Lift-Off; Shaped,Greyboard,Foil,accepted,reviewed,Codex evaluation agent source review,Independent full source selection inspection; explicit physical wording and adjacent modifiers; artwork excluded. Unassessed subtype selections are not assigned.
gold-05487fba2b56fe50,Framed Canvas,Framed Canvas,Floating Frame,Canvas,Spot Varnish,accepted,reviewed,Codex independent catalog reviewer,Independently reviewed underscore product group; suffix semantic contexts checked; no reader predictions
gold-05a2caa59b7fbc7d,Clock,Clock,Die-Cut; Step Movement,MDF,,accepted,reviewed,Codex independent catalog reviewer,Independently reviewed source physical-wording group and complete semantic modifier contexts
gold-0615f4539f54f68a,Framed Art,Framed Art,Framed; Matted; Squiggle,,,accepted,reviewed,Codex evaluation agent source review,Independent full source selection inspection; explicit physical wording and adjacent modifiers; artwork excluded. Unassessed subtype selections are not assigned.
gold-0619b4da65bf46bf,Sign,Sign,Shaped,Metal,,accepted,reviewed,Codex primary implementer,Source physical-wording and suffix-attribute groups independently inspected. Artwork nouns and material-looking substrings excluded; no MG codes or reader predictions.
gold-06d2821a66e9636b,Perpetual Calendar,Perpetual Calendar,Block,MDF,,accepted,reviewed,Codex independent construction gold reviewer,"Explicit MDF block is a physical calendar form; compare the independently labelled block MDF perpetual calendar family. Prefix artwork, licensor, property, size and color excluded."
gold-06d7fddf7f7eaa67,Mat,Mat,,,,accepted,reviewed,Codex primary implementer,Independent source wording group review and complete atypical attribute suffix review; no reader predictions. Mat placement never inferred; poly alone does not establish a specific polymer.
gold-07044b6ab69f359c,Desktop Organizer,Desktop Organizer,,Fabric,,accepted,reviewed,Codex evaluation agent independent source review,"Independent full source inspection; physical wording reviewed, artwork does not establish material or type."
gold-0788548e4238b972,Storage Box,Storage Box,Shaped,Greyboard,Foil,accepted,reviewed,Codex independent catalog reviewer,Source wording independently reviewed; physical noun and explicit modifiers
gold-07b670faf6270f20,Hard Storage Box,Hard Storage Box,Lift-Off,,,accepted,reviewed,Codex evaluation agent source review,Independent full source selection inspection; explicit physical wording and adjacent modifiers; artwork excluded. Unassessed subtype selections are not assigned.
gold-080952d1ef804821,Pencil Cup,Pencil Cup,,Greyboard,,accepted,reviewed,Codex independent catalog reviewer,Independent physical noun and all observed modifier groups reviewed; semantic suffix contexts and every underscore variant inspected; no reader predictions
gold-080ddbf888402f6c,Storage Bin,Storage Bin,,,,accepted,reviewed,Codex evaluation agent source review,Independent full source selection inspection; explicit physical wording and adjacent modifiers; artwork excluded. Unassessed subtype selections are not assigned.
gold-0835b947280dd2f0,Gel Sticker,Gel Sticker,,,,accepted,reviewed,Codex evaluation agent independent full source review,Explicit source product wording; assortment/sample words do not erase product evidence.
gold-0862f7132855cdaf,Framed Print,Framed Print,Framed; Setback,MDF; Paper,,accepted,reviewed,Codex independent partition three source reviewer,Setback and framed are both explicit physical construction words; the existing Framed label omitted Setback.
gold-086a419198ee8fd2,Lap Desk,Lap Desk,,Sponge,,accepted,reviewed,Codex independent catalog reviewer,Independent physical noun and all observed modifier groups reviewed; semantic suffix contexts and every underscore variant inspected; no reader predictions
gold-089de08c4a4e04ed,Outdoor Mat,Outdoor Mat,,,,accepted,reviewed,Codex primary implementer,Independent source wording group review and complete atypical attribute suffix review; no reader predictions. Mat placement never inferred; poly alone does not establish a specific polymer.
gold-08c74d6751999879,Storage Chest,Storage Chest,,Felt,,accepted,reviewed,Codex independent catalog reviewer,Source wording independently reviewed; physical noun and explicit modifiers
gold-08fccef74f8835fa,Paper Shade,Paper Shade,,Paper,,accepted,reviewed,Codex independent catalog reviewer,Independent physical noun and all observed modifier groups reviewed; semantic suffix contexts and every underscore variant inspected; no reader predictions
gold-09258373059985b9,Hanging Closet Organizer,Hanging Closet Organizer,Hanging,Fabric,,accepted,reviewed,Codex evaluation agent independent source review,"Independent full source inspection; physical wording reviewed, artwork does not establish material or type."
gold-09451da9be141512,Frame,Frame,,MDF,Textured,accepted,reviewed,Codex independent product-type gold reviewer,Source explicitly identifies an MDF frame as the physical product; artwork/scene inside or on it does not make the product Framed Art.
gold-0964c6bbdd760a57,Pencil Cup,Pencil Cup,,Acrylic,,accepted,reviewed,Codex independent catalog reviewer,Independent physical noun and all observed modifier groups reviewed; semantic suffix contexts and every underscore variant inspected; no reader predictions
gold-09899d1c507edf7d,Mat,Mat,Half-Circle,Coir,,accepted,reviewed,Codex independent construction gold reviewer,Half-circle explicitly names the physical mat shape.
gold-09d81e81cf6ec22a,Mat,Mat,Anti-Fatigue,PVC,,accepted,reviewed,Codex primary implementer,Independent source wording group review and complete atypical attribute suffix review; no reader predictions. Mat placement never inferred; poly alone does not establish a specific polymer.
gold-0a392debff971753,Framed Art,Framed Art,Framed; Setback,Chenille,,accepted,reviewed,Codex evaluation agent source review,Independent full source selection inspection; explicit physical wording and adjacent modifiers; artwork excluded. Unassessed subtype selections are not assigned.
gold-0a96a20a4dd19f88,Framed Print,Framed Print,Framed,MDF,High Gloss,accepted,reviewed,Codex independent catalog reviewer,Source wording independently reviewed; physical noun and explicit modifiers
gold-0ad868b4c2757f9a,Decorative Figure,Decorative Figure,Die-Cut,MDF,,accepted,reviewed,Codex independent catalog reviewer,Source wording independently reviewed; physical noun and explicit modifiers
gold-0add8467197b14d1,Foam Art,Foam Art,,Foam,,accepted,reviewed,Codex independent catalog reviewer,Independently reviewed source physical-wording group and complete semantic modifier contexts
gold-0c43e331cbc5e503,Framed Glass Art,Framed Glass Art,Framed; Hexagonal,Glass,Painted,accepted,reviewed,Codex evaluation agent independent source review,"Independent full source inspection; physical wording reviewed, artwork does not establish material or type."
gold-0c69db9248e18202,Canvas,Canvas,Panel; Set,Canvas,,accepted,reviewed,Codex independent catalog reviewer,"Canvasboard explicitly establishes panel physical form; painting SET explicitly states grouping, without proving paint-your-own purpose or particular supplied contents. Retain conservative Canvas type and add stated Set construction."
gold-0c7618d50bb19216,Faux Book,Faux Book,,MDF; PU Leather,,accepted,reviewed,Codex independent source reviewer,Explicit Faux Book storage form; no inferred Hard box or attachments; only physical materials stated.
gold-0d9ea218e557fe22,MDF Box,MDF Box,Lenticular,MDF,,accepted,reviewed,Codex evaluation agent source review,Independent full source selection inspection; explicit physical wording and adjacent modifiers; artwork excluded. Unassessed subtype selections are not assigned.
gold-0db3cd34c0bbae74,Door Hanger,Door Hanger,Lenticular; Reversible,MDF,,accepted,reviewed,Codex independent catalog reviewer,Independent physical noun and all observed modifier groups reviewed; semantic suffix contexts and every underscore variant inspected; no reader predictions
gold-0df07eed0c55ff41,Framed Canvas,Framed Canvas,Floating Frame,Canvas,Gold Leaf; Handpaint,accepted,reviewed,Codex independent catalog reviewer,Independently reviewed underscore product group; suffix semantic contexts checked; no reader predictions
gold-0dfff0a9b7f48f06,Dimensional Decor,Dimensional Decor,,PE Rattan,,accepted,reviewed,Codex evaluation agent independent source review,"Independent full source inspection; physical wording reviewed, artwork does not establish material or type."
gold-0e3deef577ed3fbf,Framed Glass Shadowbox,Framed Glass Shadowbox,Framed,Glass,Diamond Dust,accepted,reviewed,Codex independent construction gold reviewer,"Source title explicitly names a physical frame belonging to the shadowbox; artwork, licensor, property, color and size do not determine product type."
gold-0e64967dd636f890,Light,Light,,,LED,accepted,reviewed,Codex independent catalog reviewer,Source wording independently reviewed; physical noun and explicit modifiers
gold-0fe0c0b412dc5c03,Art,Art,,MDF; Wire,LED,accepted,reviewed,Codex independent partition four source reviewer,LED neon wire art names art as the physical noun and wire as a stated component; Light is use-only overgeneralization. Same physical phrase elsewhere is independently labeled Art.
gold-0fe739f732f85499,Storage Chest,Storage Chest,Domed,Greyboard,Spot Gloss,accepted,reviewed,Codex evaluation agent source review,Independent full source selection inspection; explicit physical wording and adjacent modifiers; artwork excluded. Unassessed subtype selections are not assigned.
gold-10889b84818396c3,Storage Hamper,Storage Hamper,Oval,,,accepted,reviewed,Codex evaluation agent independent source review,"Independent full source inspection; physical wording reviewed, artwork does not establish material or type."
gold-10a93e2d0efc4f5d,Desktop Organizer,Desktop Organizer,,Fabric; Felt,Applique,accepted,reviewed,Codex evaluation agent independent source review,"Independent full source inspection; physical wording reviewed, artwork does not establish material or type."
gold-10be61de5d0983d8,Print,Print,,,High Gloss,accepted,reviewed,Codex independent product-type gold reviewer,"Source explicitly says print but does not state art; material, finish, license, size, or pattern cannot narrow physical type to Art Print."
gold-114805532136f732,Storage Cube,Storage Cube,,Fabric,,accepted,reviewed,Codex independent material gold reviewer,Source says nonwoven or non-woven and nowhere independently says woven; Woven construction contradicts source. Normalize nonwoven textile to broad Fabric material without a redundant second material. Preserve other stated construction and material.
gold-114c3ed92a042359,Foam Wall Decor,Foam Wall Decor,,EVA,,accepted,reviewed,Codex independent catalog reviewer,Independently reviewed source physical-wording group and complete semantic modifier contexts
gold-11549caf5af9da6c,Storage Box,Storage Box,Shaped,,,accepted,reviewed,Codex independent catalog reviewer,Source wording independently reviewed; physical noun and explicit modifiers
gold-11d379d9c03ef883,placeholder,,,,,placeholder,reviewed,Codex primary implementer,"Standalone blank, identifier, placeholder, fee or test wording; source variants inspected independently."
gold-1250b0f07af9a805,Canvas,Canvas,,Canvas; MDF,Glitter,accepted,reviewed,Codex primary implementer,Individual source description reviewed; only stated physical nouns and attributes retained; artwork and dimensions ignored.
gold-12999d21e8783c41,Decorative Word,Decorative Word,,MDF; Wire,,accepted,reviewed,Codex independent material gold reviewer,"Wire word names a physical word made from wire, mounted on the explicitly stated MDF substrate. Wire is a literal material form with unspecified composition; no metal alloy is inferred. Preserve separately stated existing materials and other fields."
gold-129fa9e57086e1cf,Storage Suitcase,Storage Suitcase,Suitcase,MDF,Foil,accepted,reviewed,Codex independent catalog reviewer,Explicit suitcase storage form; no Hard or Box noun is stated. Canonical Storage Suitcase matches literal physical wording and already corrected SUITCS peers2475/7000. Size/identity assortment does not mix physical types. Other stated materials/construction/finishes preserved.
gold-13415311dac4b9df,Framed Mirror,Framed Mirror,Framed,Wood,,accepted,reviewed,Codex independent material gold reviewer,"Frame or framed explicitly describes physical wall art, sign, or mirror rather than artwork scene. Source explicitly names framed mirror; consistent with other framed-mirror gold labels."
gold-140c1926adeac421,Framed Print,Framed Print,Framed,Glass; MDF; Paper,,accepted,reviewed,Codex evaluation agent source review,Independent full source selection inspection; explicit physical wording and adjacent modifiers; artwork excluded. Unassessed subtype selections are not assigned.
gold-14128fd5531e997e,Framed Glass Shadowbox,Framed Glass Shadowbox,Molded,Glass; PVC,,accepted,reviewed,Codex evaluation agent source review,Independent full source selection inspection; explicit physical wording and adjacent modifiers; artwork excluded. Unassessed subtype selections are not assigned.
gold-141496962bfc29ab,Frame,Frame,Framed,,,accepted,reviewed,Codex independent product-type gold reviewer,"Explicit physical noun is Frame with construction/material and artwork identity. No stated print/art insert, framed physical object or portrait noun supports expanding it to Framed Art or Framed Print."
gold-143ca4775bdb0fd6,Framed Glass Art,Framed Glass Art,Framed,Glass,Etched; LED,accepted,reviewed,Codex evaluation agent independent source review,"Independent full source inspection; physical wording reviewed, artwork does not establish material or type."
gold-15a1b8975a295d5e,Framed Canvas,Framed Canvas,Framed,Canvas,High Gloss,accepted,reviewed,Codex independent catalog reviewer,Independently reviewed source physical-wording group and complete semantic modifier contexts
gold-163346e1c73fc10c,Decorative Object,Decorative Object,Dimensional; Woven,Paper Rope,,accepted,reviewed,Codex independent catalog reviewer,Independently reviewed explicit physical wording; no inferred wall/tabletop form or material
gold-16819fef887eb902,Wall Sign,Wall Sign,,MDF,High Gloss,accepted,reviewed,Codex primary implementer,Source physical-wording and suffix-attribute groups independently inspected. Artwork nouns and material-looking substrings excluded; no MG codes or reader predictions.
gold-16a4f63f4c3043e7,MDF Box,MDF Box,Clips,MDF,,accepted,reviewed,Codex evaluation agent source review,Independent full source selection inspection; explicit physical wording and adjacent modifiers; artwork excluded. Unassessed subtype selections are not assigned.
gold-16d6705c8470d78b,Framed Shadowbox,Framed Shadowbox,Die-Cut,MDF,,accepted,reviewed,Codex evaluation agent source review,Independent full source selection inspection; explicit physical wording and adjacent modifiers; artwork excluded. Unassessed subtype selections are not assigned.
gold-16e6d0b42bc12d2e,Decorative Letter,Decorative Letter,,,,accepted,reviewed,Codex independent catalog reviewer,Source wording independently reviewed; physical noun and explicit modifiers
gold-17266fc65697decc,Decorative Letter,Decorative Letter,,Wood,,accepted,reviewed,Codex primary implementer,Source physical-wording and suffix-attribute groups independently inspected. Artwork nouns and material-looking substrings excluded; no MG codes or reader predictions.
gold-17a1703558400a6d,Plaque,Plaque,Clips,MDF,,accepted,reviewed,Codex independent construction gold reviewer,"Physical source wording; dimensions, licensor, property, color and artwork excluded."
gold-17e18e132fa71ba1,Canvas,Canvas,,Canvas,Handpaint,accepted,reviewed,Codex independent catalog reviewer,Independently reviewed source physical-wording group and complete semantic modifier contexts
gold-17e1f3e4b0d8e5cf,Framed Canvas,Framed Canvas,Framed,Canvas; Cotton,,accepted,reviewed,Codex independent material gold reviewer,Cotton explicitly states the canvas fiber in the physical framed-canvas clause.
gold-185012132dad3594,Storage Box,Storage Box,Shaped,,Foil,accepted,reviewed,Codex independent catalog reviewer,Source wording independently reviewed; physical noun and explicit modifiers
gold-18658de0152e3a0e,Wall Art,Wall Art,Boxed; Double-Layer,MDF,,accepted,reviewed,Codex primary implementer,Individual source description reviewed; only stated physical nouns and attributes retained; artwork and dimensions ignored.
gold-18b6d5d9192299f6,Framed Glass Shadowbox,Framed Glass Shadowbox,Set,Glass,,accepted,reviewed,Codex independent construction and treatment gold reviewer,The shadowbox is explicitly a two-piece set.
gold-18b89832e679c1a2,Framed Glass Art,Framed Glass Art,Framed; Round,Glass,Painted,accepted,reviewed,Codex evaluation agent independent source review,"Independent full source inspection; physical wording reviewed, artwork does not establish material or type."
gold-193533b0f2bc0881,Canvas,Canvas,,Canvas; Faux Leather,Faux Leather Patch,accepted,reviewed,Codex independent material gold reviewer,Explicit physical canvas with faux leather modifier/patch; named material precedes artwork clause. Faux does not authorize real leather or inferred PU.
gold-19728486364ee173,Framed Print,Framed Print,Floating Frame,Paper,Embossed; Glitter,accepted,reviewed,Codex independent catalog reviewer,"Embossed paper print with glitter explicitly stated, but no gel/coating wording; remove unsupported Gel Coat and retain both stated treatments. Same omission as eight independently corrected4491–4498 peers."
gold-19b7aba715743a27,Framed Art,Framed Art,Deckled Edge; Framed,Paper,Foil,accepted,reviewed,Codex evaluation agent source review,Independent full source selection inspection; explicit physical wording and adjacent modifiers; artwork excluded. Unassessed subtype selections are not assigned.
gold-1ab5c5a6f9f560e5,Canvas,Canvas,,Canvas,Flocking; Gold Leaf,accepted,reviewed,Codex independent catalog reviewer,Independently reviewed underscore product group; suffix semantic contexts checked; no reader predictions
gold-1bfe1d28c7876497,Photo Frame,Photo Frame,Die-Cut,MDF,,accepted,reviewed,Codex evaluation agent source review,Independent full source selection inspection; explicit physical wording and adjacent modifiers; artwork excluded. Unassessed subtype selections are not assigned.
gold-1c0f403588fa37ce,Glass Art,Glass Art,Floating,Glass,,accepted,reviewed,Codex evaluation agent source review,Independent full source selection inspection; explicit physical wording and adjacent modifiers; artwork excluded. Unassessed subtype selections are not assigned.
gold-1c20b5129ca318c8,Wall Clock,Wall Clock,Molded,,,accepted,reviewed,Codex evaluation agent independent source review,Source wording independently inspected; product nouns explicit; artwork/size/color excluded; only stated materials and treatments retained.
gold-1c53c2292bc578c6,Wall Art,Wall Art,,,,accepted,reviewed,Codex independent catalog reviewer,Source wording independently reviewed; physical noun and explicit modifiers
gold-1c55cc70ccde88c0,Storage Hamper,Storage Hamper,Tapered,Felt,,accepted,reviewed,Codex evaluation agent source review,Independent full source selection inspection; explicit physical wording and adjacent modifiers; artwork excluded. Unassessed subtype selections are not assigned.
gold-1cc74a6973591f42,Wall Bank,Wall Bank,,Glass,,accepted,reviewed,Codex evaluation agent source review,Independent full source selection inspection; explicit physical wording and adjacent modifiers; artwork excluded. Unassessed subtype selections are not assigned.
gold-1cc8c36fc4d593e2,Tabletop Block,Tabletop Block,,,,accepted,reviewed,Codex evaluation agent source review,Independent full source selection inspection; explicit physical wording and adjacent modifiers; artwork excluded. Unassessed subtype selections are not assigned.
gold-1d17b88016cb3928,Writing Desk,Writing Desk,With Legs,MDF,,accepted,reviewed,Codex independent catalog reviewer,Independent physical noun and all observed modifier groups reviewed; semantic suffix contexts and every underscore variant inspected; no reader predictions
gold-1d768d1a69ce7844,Tall Sign,Tall Sign,,MDF,Glow in the Dark,accepted,reviewed,Codex independent treatment gold reviewer,"Glow in the Dark directly qualifies physical Tall MDF Sign, preceding artwork clause; exact stated treatment, not artwork caption."
gold-1d7e237daeede5d2,Magazine Holder,Magazine Holder,,,,accepted,reviewed,Codex independent catalog reviewer,Source wording independently reviewed; physical noun and explicit modifiers
gold-1d7f9f930cccb35f,Photo Frame,Photo Frame,DIY; Die-Cut Attachment,MDF,Attachment,accepted,reviewed,Codex independent treatment gold reviewer,Source explicitly names an attached physical ornament/component of the named product.
gold-1d84245ce455e65f,Framed Glass Shadowbox,Framed Glass Shadowbox,Raised,Glass,Attachment,accepted,reviewed,Codex independent treatment gold reviewer,Source explicitly names an attached physical ornament/component of the named product.
gold-1d9b11ac53f08c70,Framed Mirror,Framed Mirror,Framed,Aluminum,,accepted,reviewed,Codex independent catalog reviewer,Source wording independently reviewed; physical noun and explicit modifiers
gold-1ded937a5543987a,Mirror,Mirror,,,LED,accepted,reviewed,Codex independent catalog reviewer,Source wording independently reviewed; physical noun and explicit modifiers
gold-1df44a8c7865e476,Photo Frame,Photo Frame,Molded,MDF,,accepted,reviewed,Codex evaluation agent source review,Independent full source selection inspection; explicit physical wording and adjacent modifiers; artwork excluded. Unassessed subtype selections are not assigned.
gold-1e1d367a6ce575fe,Framed Print,Framed Print,Framed,MDF,Scratch-Off,accepted,reviewed,Codex evaluation agent source review,Independent full source selection inspection; explicit physical wording and adjacent modifiers; artwork excluded. Unassessed subtype selections are not assigned.
gold-1e4c5647d1562041,Glass Art,Glass Art,Layered,Glass,,accepted,reviewed,Codex evaluation agent source review,Independent full source selection inspection; explicit physical wording and adjacent modifiers; artwork excluded. Unassessed subtype selections are not assigned.
gold-1eb891f76d9befe5,Wall Plaque,Wall Plaque,Die-Cut,MDF,LED; LED,accepted,reviewed,Codex primary implementer,Source physical-wording and suffix-attribute groups independently inspected. Artwork nouns and material-looking substrings excluded; no MG codes or reader predictions.
gold-1ed756a2c281cac6,Framed Canvas,Framed Canvas,Floating Frame,Canvas,Puff Paint; Silver Leaf,accepted,reviewed,Codex independent catalog reviewer,Independently reviewed underscore product group; suffix semantic contexts checked; no reader predictions
gold-1f17ec9bf5669df3,Tabletop Block,Tabletop Block,Domed,,,accepted,reviewed,Codex evaluation agent source review,Independent full source selection inspection; explicit physical wording and adjacent modifiers; artwork excluded. Unassessed subtype selections are not assigned.
gold-1f5c4be749f9a6ea,Door Mat,Door Mat,,Crumb Rubber,,accepted,reviewed,Codex primary implementer,Independent source wording group review and complete atypical attribute suffix review; no reader predictions. Mat placement never inferred; poly alone does not establish a specific polymer.
gold-1fef607529ea472b,Canvas,Canvas,,Canvas,Foil,accepted,reviewed,Codex independent catalog reviewer,Independent source phrase grouping; all156 semantic suffix patterns reviewed with up to3 contexts each; restricted direct modifier syntax; no reader predictions
gold-20094f61acbee4d6,Hard Storage Box,Hard Storage Box,Lift-Off,Greyboard,,accepted,reviewed,Codex evaluation agent source review,Independent full source selection inspection; explicit physical wording and adjacent modifiers; artwork excluded. Unassessed subtype selections are not assigned.
gold-201d68ef30d32298,Canvas,Canvas,,Canvas,Spot Varnish,accepted,reviewed,Codex independent catalog reviewer,Independent source phrase grouping; all156 semantic suffix patterns reviewed with up to3 contexts each; restricted direct modifier syntax; no reader predictions
gold-2030fb76decc57d6,Framed Print,Framed Print,Framed,Faux Leather,Holographic,accepted,reviewed,Codex independent catalog reviewer,Physical wording and modifiers independently reviewed against source
gold-20de158be3f245c6,Door Mat,Door Mat,,,Embossed,accepted,reviewed,Codex primary implementer,Independent source wording group review and complete atypical attribute suffix review; no reader predictions. Mat placement never inferred; poly alone does not establish a specific polymer.
gold-2107d4e3b2612be2,Wall Clock,Wall Clock,,Polypropylene,,accepted,reviewed,Codex evaluation agent independent source review,Source wording independently inspected; product nouns explicit; artwork/size/color excluded; only stated materials and treatments retained.
gold-211e99dad12a5870,Storage Bin,Storage Bin,Rope,Cotton; Felt,Applique; Embroidery,accepted,reviewed,Codex evaluation agent source review,Independent full source selection inspection; explicit physical wording and adjacent modifiers; artwork excluded. Unassessed subtype selections are not assigned.
gold-2120d616cdea65b5,Storage Chest,Storage Chest,,Greyboard,,accepted,reviewed,Codex evaluation agent independent full source review,Explicit source product wording; assortment/sample words do not erase product evidence.
gold-2211cfd25f22449e,Canvas,Canvas,,Canvas; Chiffon,Applique; Embroidery,accepted,reviewed,Codex independent catalog reviewer,Independently reviewed source physical-wording group and complete semantic modifier contexts
gold-22d696614dbab4ed,Cube,Cube,,Ceramic,,accepted,reviewed,Codex independent catalog reviewer,Source wording independently reviewed; physical noun and explicit modifiers
gold-22f3712a1a2836b0,Tall Sign,Tall Sign,,MDF,,accepted,reviewed,Codex primary implementer,Source physical-wording and suffix-attribute groups independently inspected. Artwork nouns and material-looking substrings excluded; no MG codes or reader predictions.
gold-22f8e27061f617f8,Wall Clock,Wall Clock,,,,accepted,reviewed,Codex evaluation agent independent source review,Source wording independently inspected; product nouns explicit; artwork/size/color excluded; only stated materials and treatments retained.
gold-230a4b94a4d9f908,Framed Canvas,Framed Canvas,Floating Frame,Canvas,Embroidery,accepted,reviewed,Codex independent catalog reviewer,Independently reviewed underscore product group; suffix semantic contexts checked; no reader predictions
gold-2313bdfe72a78111,Frame,Frame,Laser-Cut; Raised; Setback,,,accepted,reviewed,Codex independent frame-print gold reviewer,"Source names a frame and its contents/features, not a distinct art product."
gold-23220eba76ad5a49,Plaque,Plaque,,,LED,accepted,reviewed,Codex primary implementer,Source physical-wording and suffix-attribute groups independently inspected. Artwork nouns and material-looking substrings excluded; no MG codes or reader predictions.
gold-234ccd4b2f9aea17,Hard Storage Box,Hard Storage Box,,Glass,,accepted,reviewed,Codex evaluation agent source review,Independent full source selection inspection; explicit physical wording and adjacent modifiers; artwork excluded. Unassessed subtype selections are not assigned.
gold-23a4b7a8717fa067,Box,Box,,,,accepted,reviewed,Codex independent catalog reviewer,Source wording independently reviewed; physical noun and explicit modifiers
gold-23f7519ab1a7d10c,Framed Print,Framed Print,Framed; Setback,MDF,,accepted,reviewed,Codex evaluation agent source review,Independent full source selection inspection; explicit physical wording and adjacent modifiers; artwork excluded. Unassessed subtype selections are not assigned.
gold-2487fbbec5f3fc03,Pencil Cup,Pencil Cup,With Clock,Greyboard,,accepted,reviewed,Codex independent catalog reviewer,Independent physical noun and all observed modifier groups reviewed; semantic suffix contexts and every underscore variant inspected; no reader predictions
gold-24aa9da775f01a68,Lap Desk,Lap Desk,Cushioned,,Dry-Erase,accepted,reviewed,Codex independent catalog reviewer,Independent physical noun and all observed modifier groups reviewed; semantic suffix contexts and every underscore variant inspected; no reader predictions
gold-24cb9681e2aa3f0c,Canvas,Canvas,Hexagonal,Canvas,,accepted,reviewed,Codex independent construction gold reviewer,"Physical source wording; dimensions, licensor, property, color and artwork excluded."
gold-25363e68ec5fa117,Wall Shelf,Wall Shelf,,Paper Rope,,accepted,reviewed,Codex independent catalog reviewer,Source wording independently reviewed; physical noun and explicit modifiers
gold-25ad1f377199db67,Framed Glass Shadowbox,Framed Glass Shadowbox,Frayed,Glass; Linen,,accepted,reviewed,Codex evaluation agent source review,Independent full source selection inspection; explicit physical wording and adjacent modifiers; artwork excluded. Unassessed subtype selections are not assigned.
gold-265e852a9a18db75,Leaner Sign,Leaner Sign,,,,accepted,reviewed,Codex independent catalog reviewer,Source wording independently reviewed; physical noun and explicit modifiers
gold-26b0371b59255f26,Tabletop Clock,Tabletop Clock,,,,accepted,reviewed,Codex independent catalog reviewer,Independently reviewed source physical-wording group and complete semantic modifier contexts
gold-27050c758bb38442,Pennant,Pennant,Framed,Glass,,accepted,reviewed,Codex independent catalog reviewer,Independently reviewed source physical-wording group and complete semantic modifier contexts
gold-2779df60894eadaf,LED Infinity Art,LED Infinity Art,Die-Cut,,LED,accepted,reviewed,Codex independent material gold reviewer,"Die-cut explicitly modifies physical cast frame, infinity-art frame, neon box, or tin sign; negated no-diecut rows excluded."
gold-279336983fec75b7,Tray,Tray,,Jute,,accepted,reviewed,Codex independent catalog reviewer,Independent physical noun and all observed modifier groups reviewed; semantic suffix contexts and every underscore variant inspected; no reader predictions
gold-27e95c346761fa3b,Framed Art,Framed Art,Framed,,,accepted,reviewed,Codex evaluation agent source review,Independent full source selection inspection; explicit physical wording and adjacent modifiers; artwork excluded. Unassessed subtype selections are not assigned.
gold-280ada043a313645,Framed Canvas,Framed Canvas,Floating Frame,Canvas,Embellished; Foil; Glitter,accepted,reviewed,Codex independent catalog reviewer,Independently reviewed source physical-wording group and complete semantic modifier contexts
gold-2820514ae4ca0c48,Phone Stand,Phone Stand,Die-Cut,,,accepted,reviewed,Codex independent catalog reviewer,Independent physical noun and all observed modifier groups reviewed; semantic suffix contexts and every underscore variant inspected; no reader predictions
gold-28280e03ff0cb62a,File Organizer,File Organizer,Hanging,Fabric,,accepted,reviewed,Codex independent material gold reviewer,Source says nonwoven or non-woven and nowhere independently says woven; Woven construction contradicts source. Normalize nonwoven textile to broad Fabric material without a redundant second material. Preserve other stated construction and material.
gold-287d3ec8ab76c698,Framed Shadowbox,Framed Shadowbox,Laser-Cut,,,accepted,reviewed,Codex evaluation agent source review,Independent full source selection inspection; explicit physical wording and adjacent modifiers; artwork excluded. Unassessed subtype selections are not assigned.
gold-289b8b70e233998d,Art,Art,Die-Cut,MDF,,accepted,reviewed,Codex independent catalog reviewer,Source wording independently reviewed; physical noun and explicit modifiers
gold-28c1fdce9ffe04c6,Storage Bin,Storage Bin,,Cotton Rope; Felt,,accepted,reviewed,Codex independent material gold reviewer,The bin explicitly has a felt physical component as well as cotton rope material.
gold-291d8afbdf69c005,Canvas,Canvas,,Canvas; Foam,Attachment,accepted,reviewed,Codex independent catalog reviewer,Independently reviewed source physical-wording group and complete semantic modifier contexts
gold-296ff9ac169e6193,Frame,Frame,Framed; Setback,Paper,,accepted,reviewed,Codex independent product-type gold reviewer,"Explicit physical noun is Frame with construction/material and artwork identity. No stated print/art insert, framed physical object or portrait noun supports expanding it to Framed Art or Framed Print."
gold-299f3a74975b9394,Storage Toy Chest,Storage Toy Chest,Collapsible,Fabric,,accepted,reviewed,Codex evaluation agent source review,Independent full source selection inspection; explicit physical wording and adjacent modifiers; artwork excluded. Unassessed subtype selections are not assigned.
gold-29e8c6e4d7863db6,Frame,Frame,Floating Frame,Suede,Screenprint,accepted,reviewed,Codex independent frame-print gold reviewer,Source names a frame; printing can be only its surface process or included component.
gold-2a36b99c50a7918b,Framed Print,Framed Print,Framed,MDF; Wood,,accepted,reviewed,Codex evaluation agent source review,Independent full source selection inspection; explicit physical wording and adjacent modifiers; artwork excluded. Unassessed subtype selections are not assigned.
gold-2a43cd9ed7e1e2ed,Block,Block,,MDF,LED,accepted,reviewed,Codex independent construction gold reviewer,"Physical source wording; dimensions, licensor, property, color and artwork excluded."
gold-2a48043686d80295,Framed Canvas,Framed Canvas,Floating Frame,Canvas,Embossed; Foil,accepted,reviewed,Codex independent catalog reviewer,Independent source phrase grouping; all156 semantic suffix patterns reviewed with up to3 contexts each; restricted direct modifier syntax; no reader predictions
gold-2a5b6f038fcd4ac0,Hard Storage Box,Hard Storage Box,Lift-Off,Greyboard,Foil; Glitter,accepted,reviewed,Codex evaluation agent source review,Independent full source selection inspection; explicit physical wording and adjacent modifiers; artwork excluded. Unassessed subtype selections are not assigned.
gold-2a84973492f962dc,Frame,Frame,,PVC,,accepted,reviewed,Codex independent partition four source reviewer,PVC frame and multi-frame collage are explicit; no photo or photograph noun supports photo-specific use.
gold-2a8a97b6974ac3eb,Wall Art,Wall Art,Molded,,,accepted,reviewed,Codex evaluation agent independent source review,"Independent full source inspection; physical wording reviewed, artwork does not establish material or type."
gold-2ab1508dbc654d37,Sign,Sign,Die-Cut; Layered,MDF,,accepted,reviewed,Codex primary implementer,Source physical-wording and suffix-attribute groups independently inspected. Artwork nouns and material-looking substrings excluded; no MG codes or reader predictions.
gold-2ab8fe5bf1144cab,Storage Chest,Storage Chest,Domed,Greyboard,Foil,accepted,reviewed,Codex evaluation agent source review,Independent full source selection inspection; explicit physical wording and adjacent modifiers; artwork excluded. Unassessed subtype selections are not assigned.
gold-2ac0d3b2139fc9ea,Framed Glass Shadowbox,Framed Glass Shadowbox,Framed,Glass,,accepted,reviewed,Codex independent construction gold reviewer,"Source title explicitly names a physical frame belonging to the shadowbox; artwork, licensor, property, color and size do not determine product type."
gold-2af99eb0edd83fcb,Storage Hamper,Storage Hamper,,Poly-Linen,,accepted,reviewed,Codex evaluation agent source review,Independent full source selection inspection; explicit physical wording and adjacent modifiers; artwork excluded. Unassessed subtype selections are not assigned.
gold-2b0c7894f5b38e38,Canvas,Canvas,,Canvas,Dry-Erase,accepted,reviewed,Codex independent catalog reviewer,Independently reviewed source physical-wording group and complete semantic modifier contexts
gold-2b2644695b092886,Canvas,Canvas,,Canvas,Diamond Dust,accepted,reviewed,Codex independent catalog reviewer,Independently reviewed underscore product group; suffix semantic contexts checked; no reader predictions
gold-2b3b2b5b81c4ee50,Shadowbox Bank,Shadowbox Bank,,,,accepted,reviewed,Codex evaluation agent source review,Independent full source selection inspection; explicit physical wording and adjacent modifiers; artwork excluded. Unassessed subtype selections are not assigned.
gold-2bd699e92825b30b,Canvas,Canvas,,Canvas; PVC,Glitter,accepted,reviewed,Codex independent catalog reviewer,Independent source phrase grouping; all156 semantic suffix patterns reviewed with up to3 contexts each; restricted direct modifier syntax; no reader predictions
gold-2c03b33c1beed783,Framed Canvas,Framed Canvas,Framed,Canvas; Paper,Embossed,accepted,reviewed,Codex independent catalog reviewer,Independently reviewed source physical-wording group and complete semantic modifier contexts
gold-2c4ddfa8a8288472,Pencil Cup,Pencil Cup,,MDF,,accepted,reviewed,Codex independent catalog reviewer,Independent physical noun and all observed modifier groups reviewed; semantic suffix contexts and every underscore variant inspected; no reader predictions
gold-2c570b2abb4f81b9,Storage Hamper,Storage Hamper,,MDF,,accepted,reviewed,Codex evaluation agent source review,Independent full source selection inspection; explicit physical wording and adjacent modifiers; artwork excluded. Unassessed subtype selections are not assigned.
gold-2c65c470143be1f7,Art,Art,,Wire,LED,accepted,reviewed,Codex independent catalog reviewer,"Wire explicitly names physical component in LED neon wire art clause. Store only generic Wire as stated; do not infer Metal, Copper, Steel, plastic, glass, or base material."
gold-2c760d61819b6a14,Canvas,Canvas,,Canvas,Foil; Glitter,accepted,reviewed,Codex independent treatment gold reviewer,"One physical product noun governs coordinated finishes; assorted licenses qualifies licensing, not separate finish variants"
gold-2c9768fccebebc85,Framed Shadowbox,Framed Shadowbox,,,,accepted,reviewed,Codex evaluation agent source review,Independent full source selection inspection; explicit physical wording and adjacent modifiers; artwork excluded. Unassessed subtype selections are not assigned.
gold-2cc885ae149dd7b9,Framed Art,Framed Art,3D; Framed,,,accepted,reviewed,Codex independent catalog reviewer,"3-D directly modifies physical framed wall art head; no depiction, printed-rendering or artwork-caption clause limits modifier scope. Existing gold construction vocabulary includes 3D. Preserve Framed and other fields."
gold-2ceb7c50922ee5f1,Plaque,Plaque,Die-Cut,MDF,LED,accepted,reviewed,Codex primary implementer,Source physical-wording and suffix-attribute groups independently inspected. Artwork nouns and material-looking substrings excluded; no MG codes or reader predictions.
gold-2dbd66b19b5fa5a3,Sign,Sign,Leaner,MDF,,accepted,reviewed,Codex primary implementer,Individual source description reviewed; only stated physical nouns and attributes retained; artwork and dimensions ignored.
gold-2dc62d86314c1970,Canvas,Canvas,,Acrylic; Canvas,Attachment,accepted,reviewed,Codex independent catalog reviewer,Independently reviewed source physical-wording group and complete semantic modifier contexts
gold-2dc89402e2a6d555,Wall Clock,Wall Clock,Molded,Polypropylene,,accepted,reviewed,Codex evaluation agent independent source review,Source wording independently inspected; product nouns explicit; artwork/size/color excluded; only stated materials and treatments retained.
gold-2dd699072c3cd0cf,Storage Caddy,Storage Caddy,Shaped,Felt,,accepted,reviewed,Codex independent catalog reviewer,Source wording independently reviewed; physical noun and explicit modifiers
gold-2e3cbc9903e65cc1,Canvas,Canvas,,Canvas,Gel Coat; Handpaint,accepted,reviewed,Codex independent catalog reviewer,Independently reviewed underscore product group; suffix semantic contexts checked; no reader predictions
gold-2e5f522e84681ff6,Wall Pegs,Wall Pegs,,MDF,,accepted,reviewed,Codex independent catalog reviewer,"Die-Cut follows depicted property after dimensions/separator; cannot unambiguously attribute cutting to Wall Pegs physical body. Preserve product/material, abstain on construction scope."
gold-2eadef3e56e1793b,Frame,Frame,Floating Frame,,Handpaint; Spot Varnish,accepted,reviewed,Codex independent catalog reviewer,Source wording independently reviewed; physical noun and explicit modifiers
gold-2f1d47655e6e9d0b,Plaque,Plaque,Layered,MDF,,accepted,reviewed,Codex primary implementer,Source physical-wording and suffix-attribute groups independently inspected. Artwork nouns and material-looking substrings excluded; no MG codes or reader predictions.
gold-2f2305adfda30c59,Framed Canvas,Framed Canvas,Floating Frame,Canvas,LED,accepted,reviewed,Codex independent catalog reviewer,Independently reviewed underscore product group; suffix semantic contexts checked; no reader predictions
gold-2f32b7c82f6ec8d7,MDF Box,MDF Box,Raised,MDF,,accepted,reviewed,Codex evaluation agent source review,Independent full source selection inspection; explicit physical wording and adjacent modifiers; artwork excluded. Unassessed subtype selections are not assigned.
gold-2f6c3da9bfba0d53,Tabletop Art,Tabletop Art,,Acrylic,LED,accepted,reviewed,Codex evaluation agent independent source review,"Independent full source inspection; physical wording reviewed, artwork does not establish material or type."
gold-2f867fb7b6c62db6,Framed Print,Framed Print,Framed; Setback,MDF,High Gloss,accepted,reviewed,Codex evaluation agent source review,Independent full source selection inspection; explicit physical wording and adjacent modifiers; artwork excluded. Unassessed subtype selections are not assigned.
gold-2fff577a78d81a3d,Plaque,Plaque,Layered,MDF,Veneer,accepted,reviewed,Codex primary implementer,Individual source description reviewed; only stated physical nouns and attributes retained; artwork and dimensions ignored.
gold-300b1446b9b2b1da,Framed Print,Framed Print,Arched; Framed,MDF,,accepted,reviewed,Codex independent partition three source reviewer,Arched is the explicit construction adjective; Arch names a different noun form. The catalog already labels other literal Arched descriptions Arched.
gold-3011132ed668447d,Hook,Hook,,Plastic,,accepted,reviewed,Codex independent catalog reviewer,Independent physical noun and all observed modifier groups reviewed; semantic suffix contexts and every underscore variant inspected; no reader predictions
gold-302a2fb2903e84fb,Framed Canvas,Framed Canvas,Floating Frame,Canvas,Gold Leaf; Pearls,accepted,reviewed,Codex independent catalog reviewer,Independent source phrase grouping; all156 semantic suffix patterns reviewed with up to3 contexts each; restricted direct modifier syntax; no reader predictions
gold-3049a8f309fc7bb8,Wall Art,Wall Art,,Fabric,,accepted,reviewed,Codex independent catalog reviewer,Source wording independently reviewed; physical noun and explicit modifiers
gold-30880ee02fec162c,Framed Glass Art,Framed Glass Art,Chain; Framed,Glass,Stained Glass,accepted,reviewed,Codex evaluation agent source review,Independent full source selection inspection; explicit physical wording and adjacent modifiers; artwork excluded. Unassessed subtype selections are not assigned.
gold-3092a61afae21340,Decorative Bow,Decorative Bow,Dimensional,Paper,,accepted,reviewed,Codex independent catalog reviewer,"Material-only initial segment followed by explicit Dimensional Bow physical head and dimensions. Bow is stated form, Dimensional is stated construction; no prior product head or depiction marker makes this artwork. Preserve independently reviewed material and treatment."
gold-3099945cc7d390e8,Trinket Tray,Trinket Tray,,Ceramic,Metallic,accepted,reviewed,Codex independent catalog reviewer,Independent physical noun and all observed modifier groups reviewed; semantic suffix contexts and every underscore variant inspected; no reader predictions
gold-30a0c1b8d02d0609,MDF Box,MDF Box,Floating,MDF,,accepted,reviewed,Codex evaluation agent source review,Independent full source selection inspection; explicit physical wording and adjacent modifiers; artwork excluded. Unassessed subtype selections are not assigned.
gold-30aca1c2ec55b455,Hard Storage Box,Hard Storage Box,Lift-Off,Greyboard,Glitter,accepted,reviewed,Codex evaluation agent source review,Independent full source selection inspection; explicit physical wording and adjacent modifiers; artwork excluded. Unassessed subtype selections are not assigned.
gold-30b2ff500b725d90,Art Print,Art Print,,Paper,,accepted,reviewed,Codex independent frame-print gold reviewer,Art print is the literal physical product wording.
gold-30ca36f4a8da7921,Framed Canvas,Framed Canvas,Floating Frame,Canvas; Faux Leather,,accepted,reviewed,Codex independent material gold reviewer,Explicit physical canvas with faux leather modifier/patch; named material precedes artwork clause. Faux does not authorize real leather or inferred PU.
gold-31482944b9c58288,Jewelry Box,Jewelry Box,Zipper,,,accepted,reviewed,Codex primary implementer,Individual source description reviewed; only stated physical nouns and attributes retained; artwork and dimensions ignored.
gold-314a36c385e9f9a7,Pencil Cup,Pencil Cup,,,,accepted,reviewed,Codex independent catalog reviewer,Independent physical noun and all observed modifier groups reviewed; semantic suffix contexts and every underscore variant inspected; no reader predictions
gold-314ce51ed4a7d21b,Faux Book,Faux Book,,Greyboard,,accepted,reviewed,Codex independent product-type gold reviewer,Faux Books explicitly names the physical book-shaped article. It does not establish a storage-box function; singular and plural peers use the neutral Faux Book type.
gold-317dc893b42f0afb,Wall Basket,Wall Basket,,,,accepted,reviewed,Codex evaluation agent independent source review,"Independent full source inspection; physical wording reviewed, artwork does not establish material or type."
gold-31e6fb73059acf0f,Block,Block,Rounded,Wood,,accepted,reviewed,Codex independent construction gold reviewer,"Physical source wording; dimensions, licensor, property, color and artwork excluded."
gold-3235729dc23d6961,Block,Block,Die-Cut; Moving Needle,MDF,,accepted,reviewed,Codex independent construction gold reviewer,"Physical source wording; dimensions, licensor, property, color and artwork excluded."
gold-3246fbc2abbb3350,Guitar Hook,Guitar Hook,,MDF,LED,accepted,reviewed,Codex independent catalog reviewer,Independent physical noun and all observed modifier groups reviewed; semantic suffix contexts and every underscore variant inspected; no reader predictions
gold-3253c8beeb07d99f,Memo Board,Memo Board,Framed,Cork,,accepted,reviewed,Codex independent catalog reviewer,Independent physical noun and all observed modifier groups reviewed; semantic suffix contexts and every underscore variant inspected; no reader predictions
gold-32814f409f6ecf3f,Phone Stand,Phone Stand,,MDF,,accepted,reviewed,Codex independent catalog reviewer,Independent physical noun and all observed modifier groups reviewed; semantic suffix contexts and every underscore variant inspected; no reader predictions
gold-32babc2dbc582281,Framed Print,Framed Print,Framed,MDF; Metal,,accepted,reviewed,Codex independent frame-print gold reviewer,Metal bow frame is explicitly part of the MDF print assembly before licensed artwork begins.
gold-32c0b02aa6208863,Storage Hamper,Storage Hamper,,Felt,,accepted,reviewed,Codex evaluation agent source review,Independent full source selection inspection; explicit physical wording and adjacent modifiers; artwork excluded. Unassessed subtype selections are not assigned.
gold-336229a8b909fc67,Clock,Clock,Die-Cut; Pendulum,MDF,,accepted,reviewed,Codex independent catalog reviewer,Independently reviewed source physical-wording group and complete semantic modifier contexts
gold-348b951295ea1687,Trinket Tray,Trinket Tray,,Dolomite,,accepted,reviewed,Codex independent catalog reviewer,Independent physical noun and all observed modifier groups reviewed; semantic suffix contexts and every underscore variant inspected; no reader predictions
gold-351994b863d64172,Birdhouse,Birdhouse,,Wood,,accepted,reviewed,Codex independent catalog reviewer,Independent physical noun and all observed modifier groups reviewed; semantic suffix contexts and every underscore variant inspected; no reader predictions
gold-35b02856f7f0e59e,Print,Print,Stretched,PU,Screenprint,accepted,reviewed,Codex independent catalog reviewer,Source wording independently reviewed; physical noun and explicit modifiers
gold-3615a740cabc79bf,Door Mat,Door Mat,,,,accepted,reviewed,Codex primary implementer,Independent source wording group review and complete atypical attribute suffix review; no reader predictions. Mat placement never inferred; poly alone does not establish a specific polymer.
gold-36341a01aaf1ae0a,Framed Print,Framed Print,Framed,,High Gloss,accepted,reviewed,Codex independent catalog reviewer,Source wording independently reviewed; physical noun and explicit modifiers
gold-365a91b05e7f5250,Banner,Banner,Framed,Glass,,accepted,reviewed,Codex independent catalog reviewer,Independently reviewed source physical-wording group and complete semantic modifier contexts
gold-366d3fe068d742a1,Shadowbox,Shadowbox,Molded,,,accepted,reviewed,Codex independent catalog reviewer,Source wording independently reviewed; physical noun and explicit modifiers
gold-368a95e52a186441,Tabletop Plaque,Tabletop Plaque,,MDF,,accepted,reviewed,Codex primary implementer,Source physical-wording and suffix-attribute groups independently inspected. Artwork nouns and material-looking substrings excluded; no MG codes or reader predictions.
gold-36c68688f4933a39,Plaque,Plaque,Die-Cut; Framed,MDF,,accepted,reviewed,Codex independent partition five source reviewer,"Framed explicitly describes the physical die-cut MDF plaque; chalkboard is its surface/function, not the primary object."
gold-375c9bf99885f66f,Memo Holder,Memo Holder,,,,accepted,reviewed,Codex independent catalog reviewer,Independent physical noun and all observed modifier groups reviewed; semantic suffix contexts and every underscore variant inspected; no reader predictions
gold-378743a4d932ee22,Storage Box,Storage Box,Lift-Off,Greyboard,Foil,accepted,reviewed,Codex independent catalog reviewer,"Physical lift-off-lid box explicitly stated, but neither Hard nor equivalent rigidity/construction stated. Greyboard material alone cannot teach Hard subtype. Preserve explicit Lift-Off, Greyboard and any stated foil."
gold-3793bea2f82fb8fd,MDF Box,MDF Box,Reverse,MDF; Wood,Veneer,accepted,reviewed,Codex independent catalog reviewer,With wood veneer directly qualifies physical MDF Box before artwork delimiter; applied veneer is explicit.
gold-379f64f1ff8becbf,Canvas,Canvas,,Canvas; Chenille,Embroidery,accepted,reviewed,Codex independent material gold reviewer,Explicit with chenille clause; embroidery retained only when stated
gold-37a3e661c111efd2,Canvas,Canvas,Staggered,Canvas,,accepted,reviewed,Codex independent construction gold reviewer,"Physical source wording; dimensions, licensor, property, color and artwork excluded."
gold-37be30077a64a501,Wall Plaque,Wall Plaque,Die-Cut; Shaped,Acrylic,LED,accepted,reviewed,Codex primary implementer,Source physical-wording and suffix-attribute groups independently inspected. Artwork nouns and material-looking substrings excluded; no MG codes or reader predictions.
gold-38290b6a2a396c3f,Mug,Mug,,,,accepted,reviewed,Codex evaluation agent independent source review,"Independent full source inspection; physical wording reviewed, artwork does not establish material or type."
gold-388d49daff5d8e68,Boxed Art,Boxed Art,Boxed,MDF,,accepted,reviewed,Codex independent catalog reviewer,Independently reviewed explicit physical wording; no inferred wall/tabletop form or material
gold-38fea5ee067f2530,Banner,Banner,Framed,Glass; Paper; Satin,,accepted,reviewed,Codex independent catalog reviewer,Independently reviewed source physical-wording group and complete semantic modifier contexts
gold-392d2e473177133a,Letterboard,Letterboard,,,,accepted,reviewed,Codex independent catalog reviewer,Source wording independently reviewed; physical noun and explicit modifiers
gold-393ba2c524560339,Canvas Tapestry,Canvas Tapestry,,Canvas; MDF,,accepted,reviewed,Codex independent catalog reviewer,Independently reviewed underscore product group; suffix semantic contexts checked; no reader predictions
gold-39e71908d1fbbf1b,Lap Desk,Lap Desk,,,Foil,accepted,reviewed,Codex evaluation agent independent source review,Source wording independently inspected; product nouns explicit; artwork/size/color excluded; only stated materials and treatments retained.
gold-39fa39929933e396,Frame,Frame,,,,accepted,reviewed,Codex evaluation agent independent full source review,Baby frame explicitly named; photo insert or printed art not stated.
gold-39ff2f340de0cd59,Frame,Frame,,Glass,,accepted,reviewed,Codex independent catalog reviewer,Physical frame and Glass stated; malformed wording does not establish stained-glass art contents or framing of inner artwork. Conservative generic Frame per source adjudication; preserve Glass only.
gold-3aeaef70c1c94ae8,Canvas,Canvas,,Canvas,Chenille Patch,accepted,reviewed,Codex independent catalog reviewer,Independently reviewed underscore product group; suffix semantic contexts checked; no reader predictions
gold-3b7d7844223ef90e,Pencil Cup,Pencil Cup,Die-Cut,Greyboard,,accepted,reviewed,Codex independent catalog reviewer,Independent physical noun and all observed modifier groups reviewed; semantic suffix contexts and every underscore variant inspected; no reader predictions
gold-3b8490e4d5280ff4,Plaque,Plaque,,,,accepted,reviewed,Codex primary implementer,Source physical-wording and suffix-attribute groups independently inspected. Artwork nouns and material-looking substrings excluded; no MG codes or reader predictions.
gold-3ba87ef5ad8dd1bd,Canvas,Canvas,,Canvas,Distressed,accepted,reviewed,Codex independent treatment gold reviewer,Distressed directly modifies Canvas; no alternative physical finish variant stated. Equivalent to independently labeled Distressed Canvas peers; character and size do not change finish.
gold-3bf909f9b24e29a4,Canvas,Canvas,,Canvas,Metallic,accepted,reviewed,Codex independent catalog reviewer,Independent source phrase grouping; all156 semantic suffix patterns reviewed with up to3 contexts each; restricted direct modifier syntax; no reader predictions
gold-3c5e36fd67704788,Framed Canvas,Framed Canvas,Floating Frame,Canvas,Foil; Handpaint,accepted,reviewed,Codex independent catalog reviewer,Independently reviewed underscore product group; suffix semantic contexts checked; no reader predictions
gold-3c60bc6c1173e5a6,MDF Box,MDF Box,Photo Insert,MDF,,accepted,reviewed,Codex primary implementer,Individual source description reviewed; only stated physical nouns and attributes retained; artwork and dimensions ignored.
gold-3ca4fca1523c42d4,Framed Art,Framed Art,Arch; Framed,,,accepted,reviewed,Codex evaluation agent source review,Independent full source selection inspection; explicit physical wording and adjacent modifiers; artwork excluded. Unassessed subtype selections are not assigned.
gold-3ca7d0b96312a35f,Banner,Banner,Hanging,Satin,,accepted,reviewed,Codex independent catalog reviewer,Independently reviewed source physical-wording group and complete semantic modifier contexts
gold-3cb163a4bfddafc2,Decorative Knot,Decorative Knot,,Ceramic,,accepted,reviewed,Codex independent product-type gold reviewer,Ceramic knot is the literal decorative object.
gold-3d05f5f2439855d1,Framed Print,Framed Print,Framed,Paper,Soft Touch,accepted,reviewed,Codex independent catalog reviewer,Physical wording and modifiers independently reviewed against source
gold-3d786faf8b97a5d1,Trinket Tray,Trinket Tray,,Ceramic,Gloss,accepted,reviewed,Codex independent catalog reviewer,Independent physical noun and all observed modifier groups reviewed; semantic suffix contexts and every underscore variant inspected; no reader predictions
gold-3dc2e4e5f7c1cb41,Porch Leaner,Porch Leaner,Die-Cut,,,accepted,reviewed,Codex evaluation agent independent source review,"Independent full source inspection; physical wording reviewed, artwork does not establish material or type."
gold-3e33ac020956620c,Framed Canvas,Framed Canvas,Floating Frame,Canvas,Glitter; Gravel,accepted,reviewed,Codex independent catalog reviewer,Independently reviewed underscore product group; suffix semantic contexts checked; no reader predictions
gold-3f6784ef1d04789b,MDF Box,MDF Box,,MDF,Glitter,accepted,reviewed,Codex evaluation agent source review,Independent full source selection inspection; explicit physical wording and adjacent modifiers; artwork excluded. Unassessed subtype selections are not assigned.
gold-3f7868912cc9f9f3,Sticker,Sticker,,,,accepted,reviewed,Codex evaluation agent independent source review,"Independent full source inspection; physical wording reviewed, artwork does not establish material or type."
gold-3fb85559319479c5,Shelf,Shelf,,,,accepted,reviewed,Codex independent catalog reviewer,Source wording independently reviewed; physical noun and explicit modifiers
gold-3ff411b52e1d6292,Canvas,Canvas,,Canvas,,accepted,reviewed,Codex independent catalog reviewer,Source wording independently reviewed; physical noun and explicit modifiers
gold-4003a621907c0520,Sign,Sign,,MDF,,accepted,reviewed,Codex primary implementer,Source physical-wording and suffix-attribute groups independently inspected. Artwork nouns and material-looking substrings excluded; no MG codes or reader predictions.
gold-400bb865c354b384,Plaque,Plaque,Laser-Cut; Layered,MDF,,accepted,reviewed,Codex primary implementer,Source physical-wording and suffix-attribute groups independently inspected. Artwork nouns and material-looking substrings excluded; no MG codes or reader predictions.
gold-40102cfa180ec5cc,Decorative Letter,Decorative Letter,,Greyboard,Foil,accepted,reviewed,Codex primary implementer,Source physical-wording and suffix-attribute groups independently inspected. Artwork nouns and material-looking substrings excluded; no MG codes or reader predictions.
gold-40764d543c950665,Framed Canvas,Framed Canvas,Floating Frame,Canvas,Embellished,accepted,reviewed,Codex independent catalog reviewer,Independently reviewed source physical-wording group and complete semantic modifier contexts
gold-408d2b6e8aa7f7ac,Canvas,Canvas,Panel,Canvas,,accepted,reviewed,Codex independent construction gold reviewer,Canvas panel explicitly names the rigid panel construction.
gold-40c3ae6184449d96,Dry-Erase and Pin Board,Dry-Erase and Pin Board,Framed,Fabric; MDF,Dry-Erase,accepted,reviewed,Codex independent catalog reviewer,"Entire source description individually inspected; explicit compound physical item or named retail set, not mixed assortment; no reader predictions"
gold-40e04abc6b70d105,Rug,Rug,,Polyester,,accepted,reviewed,Codex primary implementer,Individual source description reviewed; only stated physical nouns and attributes retained; artwork and dimensions ignored.
gold-41323f02fdddfc65,Framed Glass Art,Framed Glass Art,Framed,Glass,Glitter,accepted,reviewed,Codex evaluation agent source review,Independent full source selection inspection; explicit physical wording and adjacent modifiers; artwork excluded. Unassessed subtype selections are not assigned.
gold-4136331ef783c0d1,Kitchen Mat,Kitchen Mat,,,,accepted,reviewed,Codex primary implementer,Independent source wording group review and complete atypical attribute suffix review; no reader predictions. Mat placement never inferred; poly alone does not establish a specific polymer.
gold-4182a41c6b89c56a,Storage Hamper,Storage Hamper,,Fabric; PU,,accepted,reviewed,Codex evaluation agent source review,Independent full source selection inspection; explicit physical wording and adjacent modifiers; artwork excluded. Unassessed subtype selections are not assigned.
gold-420de4db63c5525f,Framed Canvas,Framed Canvas,Framed; Matted,Canvas,Foil,accepted,reviewed,Codex independent catalog reviewer,Independently reviewed source physical-wording group and complete semantic modifier contexts
gold-422868c688b4c83f,Tall Sign,Tall Sign,Die-Cut,MDF,LED,accepted,reviewed,Codex primary implementer,Source physical-wording and suffix-attribute groups independently inspected. Artwork nouns and material-looking substrings excluded; no MG codes or reader predictions.
gold-4264bc0209bcdf48,Framed Art,Framed Art,Framed,MDF,,accepted,reviewed,Codex independent product-type gold reviewer,"Art is the explicit physical noun, and printed describes the MDF process. No print noun or separate printed-paper insert is stated; therefore Framed Art is the source-supported type."
gold-4297e0c50e1c8d91,Storage Bin,Storage Bin,Square; Woven,,,accepted,reviewed,Codex evaluation agent source review,Independent full source selection inspection; explicit physical wording and adjacent modifiers; artwork excluded. Unassessed subtype selections are not assigned.
gold-42b45c3c2a9c2b24,Calendar,Calendar,,,,accepted,reviewed,Codex evaluation agent independent full source review,Explicit source product wording; assortment/sample words do not erase product evidence.
gold-430efa955bac4ff8,Cube,Cube,,Ceramic,Decal,accepted,reviewed,Codex independent catalog reviewer,Source wording independently reviewed; physical noun and explicit modifiers
gold-43309b015f394fe3,Shadowbox,Shadowbox,,,Diamond Dust,accepted,reviewed,Codex independent product-type gold reviewer,Bare shadowbox shorthand identifies Shadowbox; no physical frame wording supports Framed Shadowbox. Matches neutral shadowbox peers6802/6808; explicit Framed Glass Shadowbox is a negative control and remains framed.
gold-4343db0d00c37cc4,Pencil Cup,Pencil Cup,Die-Cut,MDF,,accepted,reviewed,Codex independent catalog reviewer,Independent physical noun and all observed modifier groups reviewed; semantic suffix contexts and every underscore variant inspected; no reader predictions
gold-43715eeda2e81f68,Framed Art,Framed Art,Deckled Edge; Framed,Paper,,accepted,reviewed,Codex evaluation agent source review,Independent full source selection inspection; explicit physical wording and adjacent modifiers; artwork excluded. Unassessed subtype selections are not assigned.
gold-43f238a3d92b775e,Glass Art,Glass Art,,Glass,Pressed Leaves,accepted,reviewed,Codex evaluation agent source review,Independent full source selection inspection; explicit physical wording and adjacent modifiers; artwork excluded. Unassessed subtype selections are not assigned.
gold-4471aa38080106fc,Phone Stand,Phone Stand,,,,accepted,reviewed,Codex independent catalog reviewer,Independent physical noun and all observed modifier groups reviewed; semantic suffix contexts and every underscore variant inspected; no reader predictions
gold-44b97b0f8bb73ba0,Neon Box,Neon Box,Die-Cut,Greyboard,LED,accepted,reviewed,Codex independent material gold reviewer,"Die-cut explicitly modifies physical cast frame, infinity-art frame, neon box, or tin sign; negated no-diecut rows excluded."
gold-4515114eba211c8e,Canvas,Canvas,,Canvas,Chenille Patch; Glitter,accepted,reviewed,Codex independent catalog reviewer,Independently reviewed underscore product group; suffix semantic contexts checked; no reader predictions
gold-45465cf0253103b9,Storage Chest,Storage Chest,Flat-Top,Greyboard,Foil,accepted,reviewed,Codex evaluation agent source review,Independent full source selection inspection; explicit physical wording and adjacent modifiers; artwork excluded. Unassessed subtype selections are not assigned.
gold-45515d2561e814a6,Storage Chest,Storage Chest,Flat-Domed,Greyboard,Spot Gloss,accepted,reviewed,Codex evaluation agent source review,Independent full source selection inspection; explicit physical wording and adjacent modifiers; artwork excluded. Unassessed subtype selections are not assigned.
gold-456101c3f503cbe8,Mat,Mat,,Rubber,Embossed,accepted,reviewed,Codex independent partition one source reviewer,Rubber mat is explicit but floor placement is not.
gold-457dd7839e8e8a28,Hard Storage Box,Hard Storage Box,,,,accepted,reviewed,Codex evaluation agent source review,Independent full source selection inspection; explicit physical wording and adjacent modifiers; artwork excluded. Unassessed subtype selections are not assigned.
gold-45afe591896fa741,Framed Print,Framed Print,Deckled Edge; Framed,Glass,,accepted,reviewed,Codex evaluation agent source review,Independent full source selection inspection; explicit physical wording and adjacent modifiers; artwork excluded. Unassessed subtype selections are not assigned.
gold-465fffb1dfe7b702,Storage Basket,Storage Basket,Plush,Felt,Embroidery,accepted,reviewed,Codex evaluation agent source review,Independent full source selection inspection; explicit physical wording and adjacent modifiers; artwork excluded. Unassessed subtype selections are not assigned.
gold-46603b63b503ef69,Framed Canvas,Framed Canvas,Floating Frame,Canvas,Diamond Dust,accepted,reviewed,Codex independent catalog reviewer,Independent source phrase grouping; all156 semantic suffix patterns reviewed with up to3 contexts each; restricted direct modifier syntax; no reader predictions
gold-4682146f16c66219,Framed Print,Framed Print,Framed,Wood,,accepted,reviewed,Codex evaluation agent independent full source review,Explicit source product wording; assortment/sample words do not erase product evidence.
gold-468489c68f7da476,Framed Print,Framed Print,Framed; Matted,Glass,,accepted,reviewed,Codex independent catalog reviewer,Source wording independently reviewed; physical noun and explicit modifiers
gold-4688d84bdd6d90eb,Lenticular Art,Lenticular Art,,,Adhesive,accepted,reviewed,Codex evaluation agent source review,Independent full source selection inspection; explicit physical wording and adjacent modifiers; artwork excluded. Unassessed subtype selections are not assigned.
gold-4699bf201f5ae468,Framed Art,Framed Art,Framed; Matted,Faux Leather,,accepted,reviewed,Codex evaluation agent source review,Independent full source selection inspection; explicit physical wording and adjacent modifiers; artwork excluded. Unassessed subtype selections are not assigned.
gold-469c72cca3495b52,Canvas,Canvas,,Canvas,Flocking,accepted,reviewed,Codex independent catalog reviewer,Independently reviewed underscore product group; suffix semantic contexts checked; no reader predictions
gold-46ae39ee52149057,Hang Tab,Hang Tab,,,,accepted,reviewed,Codex independent catalog reviewer,Source wording independently reviewed; physical noun and explicit modifiers
gold-471a9b0d23a83177,Framed Canvas,Framed Canvas,Framed,Canvas,,accepted,reviewed,Codex independent catalog reviewer,Independent source phrase grouping; all156 semantic suffix patterns reviewed with up to3 contexts each; restricted direct modifier syntax; no reader predictions
gold-474179120161b03a,Glass Art,Glass Art,,Glass,LED,accepted,reviewed,Codex evaluation agent source review,Independent full source selection inspection; explicit physical wording and adjacent modifiers; artwork excluded. Unassessed subtype selections are not assigned.
gold-4761a1830f9ccc7b,Foam Wall Decor,Foam Wall Decor,,Foam,Debossed,accepted,reviewed,Codex independent catalog reviewer,Independently reviewed source physical-wording group and complete semantic modifier contexts
gold-476c220ca1bafb1b,Lap Desk,Lap Desk,Folding,MDF,,accepted,reviewed,Codex evaluation agent independent source review,Source wording independently inspected; product nouns explicit; artwork/size/color excluded; only stated materials and treatments retained.
gold-47ce9d92fe81a3a0,Storage Bin,Storage Bin,,Canvas; Cotton Rope,,accepted,reviewed,Codex independent catalog reviewer,Independently reviewed source physical-wording group and complete semantic modifier contexts
gold-482a483f70230ba5,Floating Character Box,Floating Character Box,Floating,MDF,Glitter,accepted,reviewed,Codex evaluation agent source review,Independent full source selection inspection; explicit physical wording and adjacent modifiers; artwork excluded. Unassessed subtype selections are not assigned. Source class correction: explicit Oxford means Fabric; floating character physical form and floating frame vocabulary retained.
gold-483a5443763f7788,Plaque,Plaque,,MDF; Metal; Wood,Veneer,accepted,reviewed,Codex primary implementer,Individual source description reviewed; only stated physical nouns and attributes retained; artwork and dimensions ignored.
gold-485a9404929cc52f,Tabletop Block,Tabletop Block,,Ceramic,,accepted,reviewed,Codex evaluation agent source review,Independent full source selection inspection; explicit physical wording and adjacent modifiers; artwork excluded. Unassessed subtype selections are not assigned.
gold-48b72b99560993b9,Storage Trunk,Storage Trunk,,,,accepted,reviewed,Codex evaluation agent independent full source review,Explicit source product wording; assortment/sample words do not erase product evidence.
gold-48cb5785b1b53e30,Window Cling,Window Cling,,,,accepted,reviewed,Codex independent catalog reviewer,Source wording independently reviewed; physical noun and explicit modifiers
gold-49e706b137f9c3b8,Folding Frame Set,Folding Frame Set,Folding,,,accepted,reviewed,Codex independent catalog reviewer,"All selected source descriptions individually inspected; full product wording and suffix reviewed; independent semantic labels, not reader predictions"
gold-49e717756f6dc2a7,Chalkboard Box,Chalkboard Box,,MDF; Wood,,accepted,reviewed,Codex independent product-type gold reviewer,Functional chalkboard on a box states both forms.
gold-4a1c36675bd8eafc,Corkboard with Dry-Erase Board,Corkboard with Dry-Erase Board,Die-Cut; Magnetic,Cork,Dry-Erase,accepted,reviewed,Codex independent catalog reviewer,"Entire source description individually inspected; explicit compound physical item or named retail set, not mixed assortment; no reader predictions"
gold-4a51ea8b9c4d1926,MDF Box,MDF Box,,MDF,,accepted,reviewed,Codex evaluation agent source review,Independent full source selection inspection; explicit physical wording and adjacent modifiers; artwork excluded. Unassessed subtype selections are not assigned.
gold-4a6c7c74f2bd355e,Framed Glass Shadowbox,Framed Glass Shadowbox,,Glass; Linen,Foil; Textured,accepted,reviewed,Codex evaluation agent source review,Independent full source selection inspection; explicit physical wording and adjacent modifiers; artwork excluded. Unassessed subtype selections are not assigned.
gold-4a7014925005179f,Canvas,Canvas,,Canvas,High Gloss; LED,accepted,reviewed,Codex independent catalog reviewer,Independent source phrase grouping; all156 semantic suffix patterns reviewed with up to3 contexts each; restricted direct modifier syntax; no reader predictions
gold-4b2e125d27a56776,Framed Glass Shadowbox,Framed Glass Shadowbox,Framed,Glass,Foil,accepted,reviewed,Codex evaluation agent source review,Independent full source selection inspection; explicit physical wording and adjacent modifiers; artwork excluded. Unassessed subtype selections are not assigned.
gold-4b474985390f9cc3,Storage Cube,Storage Cube,Tapered,,,accepted,reviewed,Codex evaluation agent source review,Independent full source selection inspection; explicit physical wording and adjacent modifiers; artwork excluded. Unassessed subtype selections are not assigned.
gold-4bbbe308f6c443ac,Tabletop Block,Tabletop Block,Die-Cut,MDF,LED,accepted,reviewed,Codex independent catalog reviewer,Source wording independently reviewed; physical noun and explicit modifiers
gold-4c0704da3babd965,Framed Print,Framed Print,Framed,MDF,Invisible Ink; UV Light,accepted,reviewed,Codex evaluation agent source review,Independent full source selection inspection; explicit physical wording and adjacent modifiers; artwork excluded. Unassessed subtype selections are not assigned.
gold-4cb7dae31d290e48,Wall Art,Wall Art,Woven,,,accepted,reviewed,Codex independent catalog reviewer,Source wording independently reviewed; physical noun and explicit modifiers
gold-4cf1fdb652d5843f,Framed Canvas,Framed Canvas,Floating Frame,Canvas,Foil,accepted,reviewed,Codex independent catalog reviewer,Independent source phrase grouping; all156 semantic suffix patterns reviewed with up to3 contexts each; restricted direct modifier syntax; no reader predictions
gold-4d5204bd2b0e4263,Tabletop Decor,Tabletop Decor,,Ceramic,,accepted,reviewed,Codex evaluation agent independent full source review,Explicit source product wording; assortment/sample words do not erase product evidence.
gold-4d80f6bdcc75589c,Framed Canvas,Framed Canvas,Floating Frame,Canvas; Faux Fur,Attachment,accepted,reviewed,Codex independent catalog reviewer,Independently reviewed source physical-wording group and complete semantic modifier contexts
gold-4ddb3f72c153f9a1,Print,Print,,Paper,Embossed,accepted,reviewed,Codex independent catalog reviewer,Source wording independently reviewed; physical noun and explicit modifiers
gold-4de5d4f764e430aa,Sign,Sign,Die-Cut,Metal,,accepted,reviewed,Codex primary implementer,Source physical-wording and suffix-attribute groups independently inspected. Artwork nouns and material-looking substrings excluded; no MG codes or reader predictions.
gold-4dff274f31aaeadf,Box,Box,,PVC; Steel,Applique; Galvanized,accepted,reviewed,Codex independent catalog reviewer,Galvanized directly qualifies physical Steel box; identical product clause to accepted peer7936. Licensor/artwork cannot change this stated treatment. Retain explicit Applique.
gold-4e3ba93319aa692a,Canvas,Canvas,,Canvas,Gel Coat,accepted,reviewed,Codex independent catalog reviewer,Independent source phrase grouping; all156 semantic suffix patterns reviewed with up to3 contexts each; restricted direct modifier syntax; no reader predictions
gold-4e6f9939c0998ba6,Mask,Mask,Molded,Polyresin,,accepted,reviewed,Codex evaluation agent independent full source review,Explicit source product wording; assortment/sample words do not erase product evidence.
gold-4e720d488db13a82,Countdown Calendar,Countdown Calendar,,MDF,,accepted,reviewed,Codex evaluation agent source review,Independent full source selection inspection; explicit physical wording and adjacent modifiers; artwork excluded. Unassessed subtype selections are not assigned.
gold-4e95bfa40413a22f,Storage Toy Chest,Storage Toy Chest,,Greyboard,,accepted,reviewed,Codex evaluation agent source review,Independent full source selection inspection; explicit physical wording and adjacent modifiers; artwork excluded. Unassessed subtype selections are not assigned.
gold-4f1873ca3d5d31b7,Frame,Frame,Framed,MDF,,accepted,reviewed,Codex independent catalog reviewer,Source wording independently reviewed; physical noun and explicit modifiers
gold-4f352bfd13d77a89,Painting,Painting,,,Embellished,accepted,reviewed,Codex independent catalog reviewer,Physical wording and modifiers independently reviewed against source
gold-4f4399e760fd7d4a,Framed Art,Framed Art,Framed; Setback,,Beaded Garland,accepted,reviewed,Codex evaluation agent source review,Independent full source selection inspection; explicit physical wording and adjacent modifiers; artwork excluded. Unassessed subtype selections are not assigned.
gold-4fcacd68eefdf686,Wall Mask,Wall Mask,Molded,,,accepted,reviewed,Codex evaluation agent independent source review,"Independent full source inspection; physical wording reviewed, artwork does not establish material or type."
gold-4fec49d662482dc3,Framed Lenticular Art,Framed Lenticular Art,Framed,Plastic,,accepted,reviewed,Codex evaluation agent source review,Independent full source selection inspection; explicit physical wording and adjacent modifiers; artwork excluded. Unassessed subtype selections are not assigned.
gold-4ff2e928f43af914,Storage Chest,Storage Chest,Flat-Top,,,accepted,reviewed,Codex evaluation agent independent full source review,Explicit source product wording; assortment/sample words do not erase product evidence.
gold-4ff871fb69fe2ee8,Canvas,Canvas,,Canvas; PU Leather,,accepted,reviewed,Codex independent material gold reviewer,"PU Leather explicitly identifies physical material of canvas/wall-art product, not depicted subject; preserve PU Leather specificity, no genuine leather inference."
gold-503ed78eb14e5a99,Framed Print,Framed Print,Framed,,Glitter; High Gloss,accepted,reviewed,Codex independent catalog reviewer,Source wording independently reviewed; physical noun and explicit modifiers
gold-5041176d05c22b1e,Plaque,Plaque,Die-Cut,MDF,Engraved,accepted,reviewed,Codex independent catalog reviewer,Engraved directly qualifies physical MDF Plaque before the artwork/logo clause; explicit process is not inferred from drawing.
gold-5068d5318197a7ba,Wall Art,Wall Art,Hanging,Fabric,,accepted,reviewed,Codex independent catalog reviewer,Same physical hanging fabric wall art phrase across17source descriptions. Canonical noun Wall Art with Hanging construction preserves all semantics; licensor/scene/size does not justify separate type. Matches11same-phrase peers.
gold-50b284ad260c6cda,Message Box,Message Box,,,LED,accepted,reviewed,Codex independent catalog reviewer,Source wording independently reviewed; physical noun and explicit modifiers
gold-50c0bea542995c5c,MDF Box,MDF Box,Slotted,MDF,,accepted,reviewed,Codex evaluation agent source review,Independent full source selection inspection; explicit physical wording and adjacent modifiers; artwork excluded. Unassessed subtype selections are not assigned.
gold-51879bd94075b059,Jewelry Box,Jewelry Box,Snap Closure,,,accepted,reviewed,Codex primary implementer,Individual source description reviewed; only stated physical nouns and attributes retained; artwork and dimensions ignored.
gold-5189d99f9d8da144,Planter with Photo Frame,Planter with Photo Frame,,Ceramic,,accepted,reviewed,Codex independent catalog reviewer,Source wording independently reviewed; physical noun and explicit modifiers
gold-51fbf1e58c5da1cf,Glass Art,Glass Art,,Glass,Dust,accepted,reviewed,Codex evaluation agent source review,Independent full source selection inspection; explicit physical wording and adjacent modifiers; artwork excluded. Unassessed subtype selections are not assigned.
gold-5238ad6cdba89e4b,Storage Cube,Storage Cube,Straight,Fabric,,accepted,reviewed,Codex evaluation agent source review,Independent full source selection inspection; explicit physical wording and adjacent modifiers; artwork excluded. Unassessed subtype selections are not assigned.
gold-525a009a20395b0c,Pinboard,Pinboard,,Fabric,,accepted,reviewed,Codex independent catalog reviewer,Independent physical noun and all observed modifier groups reviewed; semantic suffix contexts and every underscore variant inspected; no reader predictions
gold-52b7f7252a211ee9,Framed Print,Framed Print,Framed,MDF,Glitter,accepted,reviewed,Codex evaluation agent source review,Independent full source selection inspection; explicit physical wording and adjacent modifiers; artwork excluded. Unassessed subtype selections are not assigned.
gold-52deb6e4572f9b99,Decorative Word,Decorative Word,,MDF,High Gloss,accepted,reviewed,Codex evaluation agent independent source review,"Independent full source inspection; physical wording reviewed, artwork does not establish material or type."
gold-52e776b17e503861,Pencil Cup,Pencil Cup,,Resin,,accepted,reviewed,Codex independent catalog reviewer,Independent physical noun and all observed modifier groups reviewed; semantic suffix contexts and every underscore variant inspected; no reader predictions
gold-52f520c800be20ae,Desktop Organizer,Desktop Organizer,Set,,,accepted,reviewed,Codex independent product-type gold reviewer,"Desk or desktop organizer is explicit; stationery use is not. Licensor, property, style name, compartment count, and accessories do not narrow the product type."
gold-533c5ba32322a624,Shelf,Shelf,Folding,,,accepted,reviewed,Codex independent catalog reviewer,Source wording independently reviewed; physical noun and explicit modifiers
gold-534dc5f94d3d14bd,Porch Leaner,Porch Leaner,,,Foil,accepted,reviewed,Codex evaluation agent independent source review,"Independent full source inspection; physical wording reviewed, artwork does not establish material or type."
gold-536b0123d75129c4,Storage Chest,Storage Chest,Domed,,,accepted,reviewed,Codex independent catalog reviewer,Source wording independently reviewed; physical noun and explicit modifiers
gold-53fa2eb29e814eec,Mat,Mat,,Coir,Embossed,accepted,reviewed,Codex primary implementer,Independent source wording group review and complete atypical attribute suffix review; no reader predictions. Mat placement never inferred; poly alone does not establish a specific polymer.
gold-540f88130d94e253,Wall Art,Wall Art,Molded,Felt,,accepted,reviewed,Codex independent catalog reviewer,Source wording independently reviewed; physical noun and explicit modifiers
gold-54439d88684e7807,Lenticular Art,Lenticular Art,,MDF,,accepted,reviewed,Codex primary implementer,Lenticular product and MDF stated; 1 MDF does not prove a frame.
gold-5446165eeb745df3,Wall Shelf,Wall Shelf,,Rattan,,accepted,reviewed,Codex independent catalog reviewer,Source wording independently reviewed; physical noun and explicit modifiers
gold-547c1c3f2073e40b,Framed Glass Shadowbox,Framed Glass Shadowbox,Framed,Glass; Wood,,accepted,reviewed,Codex independent construction gold reviewer,"Source title explicitly names a physical frame belonging to the shadowbox; artwork, licensor, property, color and size do not determine product type."
gold-54915277afc4d9b0,Guitar Hook,Guitar Hook,,,,accepted,reviewed,Codex independent catalog reviewer,Independent physical noun and all observed modifier groups reviewed; semantic suffix contexts and every underscore variant inspected; no reader predictions
gold-5499fd23e235f948,Bunting,Bunting,,Felt,,accepted,reviewed,Codex independent catalog reviewer,Independently reviewed source physical-wording group and complete semantic modifier contexts
gold-54a495486efe7b1c,Glass Art,Glass Art,,Glass,Textured,accepted,reviewed,Codex evaluation agent source review,Independent full source selection inspection; explicit physical wording and adjacent modifiers; artwork excluded. Unassessed subtype selections are not assigned.
gold-54d5f9886dd7c995,File Organizer,File Organizer,Mesh,,,accepted,reviewed,Codex evaluation agent independent source review,"Independent full source inspection; physical wording reviewed, artwork does not establish material or type."
gold-551248e29da47172,Perpetual Calendar,Perpetual Calendar,Block; Domed,MDF,,accepted,reviewed,Codex evaluation agent independent source review,"Independent full source inspection; physical wording reviewed, artwork does not establish material or type."
gold-55426184bc9f6984,Corkboard,Corkboard,Die-Cut,Cork; MDF,,accepted,reviewed,Codex independent catalog reviewer,Independent physical noun and all observed modifier groups reviewed; semantic suffix contexts and every underscore variant inspected; no reader predictions
gold-55846984b4526669,Framed Glass Shadowbox,Framed Glass Shadowbox,,Glass; Yarn,,accepted,reviewed,Codex evaluation agent source review,Independent full source selection inspection; explicit physical wording and adjacent modifiers; artwork excluded. Unassessed subtype selections are not assigned.
gold-55e6e438574843be,Dimensional Decor,Dimensional Decor,,Seagrass,,accepted,reviewed,Codex evaluation agent independent source review,"Independent full source inspection; physical wording reviewed, artwork does not establish material or type."
gold-560016d70190691b,Lap Desk,Lap Desk,,,Dry-Erase,accepted,reviewed,Codex independent catalog reviewer,Independent physical noun and all observed modifier groups reviewed; semantic suffix contexts and every underscore variant inspected; no reader predictions
gold-560c9a7aa515b455,Box Shelf,Box Shelf,Nested,MDF,,accepted,reviewed,Codex independent catalog reviewer,Independent physical noun and all observed modifier groups reviewed; semantic suffix contexts and every underscore variant inspected; no reader predictions
gold-5620fbf0acba48ef,Plaque,Plaque,Set,,,accepted,reviewed,Codex independent construction gold reviewer,"An explicit multi-piece/set count describes the physical products, not artwork."
gold-5635e338878984bb,Wall Art,Wall Art,Framed,MDF,,accepted,reviewed,Codex independent material gold reviewer,"Frame or framed explicitly describes physical wall art, sign, or mirror rather than artwork scene."
gold-56f5dabad5f9cd36,Block,Block,,Ceramic,Foil,accepted,reviewed,Codex independent construction gold reviewer,"Physical source wording; dimensions, licensor, property, color and artwork excluded."
gold-571dde27e5425556,Framed Canvas,Framed Canvas,Floating Frame; Matted,Canvas,Gold Leaf,accepted,reviewed,Codex independent catalog reviewer,Independently reviewed source physical-wording group and complete semantic modifier contexts
gold-57751ccd6c91da30,Hard Storage Box,Hard Storage Box,Shaped,,,accepted,reviewed,Codex evaluation agent source review,Independent full source selection inspection; explicit physical wording and adjacent modifiers; artwork excluded. Unassessed subtype selections are not assigned.
gold-57864bafa0f295e8,Canvas,Canvas,,Canvas,Attachment,accepted,reviewed,Codex independent catalog reviewer,Independent source phrase grouping; all156 semantic suffix patterns reviewed with up to3 contexts each; restricted direct modifier syntax; no reader predictions
gold-57ff2eb10d34833a,Box Frame,Box Frame,,MDF,Glitter,accepted,reviewed,Codex evaluation agent source review,Independent full source selection inspection; explicit physical wording and adjacent modifiers; artwork excluded. Unassessed subtype selections are not assigned.
gold-582587f31de115fa,Framed Fabric Art,Framed Fabric Art,Framed; Frayed,Glass; Linen,,accepted,reviewed,Codex independent catalog reviewer,Physical wording and modifiers independently reviewed against source
gold-58cd28223dd41367,Clock,Clock,,,,accepted,reviewed,Codex evaluation agent independent full source review,Explicit source product wording; assortment/sample words do not erase product evidence.
gold-58e7b23033a2167f,Decorative Letter,Decorative Letter,,Greyboard,Metallic,accepted,reviewed,Codex primary implementer,Source physical-wording and suffix-attribute groups independently inspected. Artwork nouns and material-looking substrings excluded; no MG codes or reader predictions.
gold-590895643071a667,Tile,Tile,,,,accepted,reviewed,Codex evaluation agent independent source review,"Independent full source inspection; physical wording reviewed, artwork does not establish material or type."
gold-5a0006e7d778697b,Storage Hamper,Storage Hamper,Rectangular,Greyboard,,accepted,reviewed,Codex evaluation agent source review,Independent full source selection inspection; explicit physical wording and adjacent modifiers; artwork excluded. Unassessed subtype selections are not assigned.
gold-5a63224d7c1e385f,Canvas,Canvas,,Canvas,Sequins,accepted,reviewed,Codex independent catalog reviewer,Independent source phrase grouping; all156 semantic suffix patterns reviewed with up to3 contexts each; restricted direct modifier syntax; no reader predictions
gold-5a9aa457d618bd5b,Magazine Holder,Magazine Holder,Drawer,,,accepted,reviewed,Codex independent catalog reviewer,Physical wording and modifiers independently reviewed against source
gold-5a9bb633317beea6,Jewelry Box,Jewelry Box,Hexagonal,,Foil,accepted,reviewed,Codex primary implementer,Individual source description reviewed; only stated physical nouns and attributes retained; artwork and dimensions ignored.
gold-5ac1df3cf7392007,Framed Lenticular Art,Framed Lenticular Art,Framed,Greyboard,,accepted,reviewed,Codex evaluation agent source review,Independent full source selection inspection; explicit physical wording and adjacent modifiers; artwork excluded. Unassessed subtype selections are not assigned.
gold-5aceb619978ea575,Lawn Sign,Lawn Sign,,,,accepted,reviewed,Codex independent catalog reviewer,Independent physical noun and all observed modifier groups reviewed; semantic suffix contexts and every underscore variant inspected; no reader predictions
gold-5aee803296f6fd44,Framed Print,Framed Print,Floating Frame,,Embossed; Foil,accepted,reviewed,Codex evaluation agent independent source review,"Independent full source inspection; physical wording reviewed, artwork does not establish material or type."
gold-5b5515782431c42c,Growth Chart,Growth Chart,,Canvas,,accepted,reviewed,Codex independent catalog reviewer,"All selected source descriptions individually inspected; full product wording and suffix reviewed; independent semantic labels, not reader predictions"
gold-5b6d2fd2f8b98e60,Comic Art,Comic Art,,Glass,,accepted,reviewed,Codex independent catalog reviewer,"Physical imitation comic under glass, not empty frame; source-identical peers9908,9910,9911,9912,16117 establish canonical Comic Art. Frame-width specification does not change physical content type."
gold-5beaba7ef92c8187,Garden Thermometer,Garden Thermometer,Die-Cut,Iron,,accepted,reviewed,Codex independent catalog reviewer,Independent physical noun and all observed modifier groups reviewed; semantic suffix contexts and every underscore variant inspected; no reader predictions
gold-5c08d79117339b40,Mat,Mat,,Coir,Debossed,accepted,reviewed,Codex primary implementer,Independent source wording group review and complete atypical attribute suffix review; no reader predictions. Mat placement never inferred; poly alone does not establish a specific polymer.
gold-5c102908b641efbc,Planter,Planter,DIY,Ceramic,,accepted,reviewed,Codex independent catalog reviewer,Independent physical noun and all observed modifier groups reviewed; semantic suffix contexts and every underscore variant inspected; no reader predictions
gold-5ceabacb9a976e5d,Wall Art,Wall Art,,EVA,,accepted,reviewed,Codex evaluation agent independent source review,"Independent full source inspection; physical wording reviewed, artwork does not establish material or type."
gold-5d3fe4e61c088182,Storage Box,Storage Box,Faux VHS,Greyboard,,accepted,reviewed,Codex independent catalog reviewer,Source wording independently reviewed; physical noun and explicit modifiers
gold-5d9c2e8592742f93,Canvas,Canvas,,Canvas,Gold Leaf,accepted,reviewed,Codex independent catalog reviewer,Independently reviewed underscore product group; suffix semantic contexts checked; no reader predictions
gold-5db4b3bc6b327dd7,Plaque,Plaque,,MDF; Paper,Foil,accepted,reviewed,Codex primary implementer,Source physical-wording and suffix-attribute groups independently inspected. Artwork nouns and material-looking substrings excluded; no MG codes or reader predictions.
gold-5e1089197d981ef7,Framed Art,Framed Art,Framed,Glass; Paper,,accepted,reviewed,Codex evaluation agent source review,Independent full source selection inspection; explicit physical wording and adjacent modifiers; artwork excluded. Unassessed subtype selections are not assigned.
gold-5e3ab19113c3464d,MDF Box,MDF Box,With Hooks,MDF,,accepted,reviewed,Codex independent catalog reviewer,Explicit physical box art WITH elastics AND hooks states component relationship. Normalize Hooks to With Hooks canonical without altering product type.
gold-5e8ee593f2782259,Tall Sign,Tall Sign,,MDF,LED,accepted,reviewed,Codex primary implementer,Source physical-wording and suffix-attribute groups independently inspected. Artwork nouns and material-looking substrings excluded; no MG codes or reader predictions.
gold-5edcd064e1058616,Rug,Rug,,,,accepted,reviewed,Codex primary implementer,Individual source description reviewed; only stated physical nouns and attributes retained; artwork and dimensions ignored.
gold-5ee5b1d64c56ebbe,Die-Cut Art,Die-Cut Art,Die-Cut; Double-Layer,,,accepted,reviewed,Codex primary implementer,Individual source description reviewed; only stated physical nouns and attributes retained; artwork and dimensions ignored.
gold-5ef260ef92448162,Plaque,Plaque,,MDF,Foil,accepted,reviewed,Codex primary implementer,Source physical-wording and suffix-attribute groups independently inspected. Artwork nouns and material-looking substrings excluded; no MG codes or reader predictions.
gold-5f8a72358895d697,Storage Hamper,Storage Hamper,Half-Moon,Fabric; Greyboard,Foil,accepted,reviewed,Codex evaluation agent source review,Independent full source selection inspection; explicit physical wording and adjacent modifiers; artwork excluded. Unassessed subtype selections are not assigned. Source class correction: explicit Oxford means Fabric; floating character physical form and floating frame vocabulary retained.
gold-5fb6bdf73dc6a6bc,Framed Glass Shadowbox,Framed Glass Shadowbox,Framed; Layered,Glass; Paper,,accepted,reviewed,Codex evaluation agent source review,Independent full source selection inspection; explicit physical wording and adjacent modifiers; artwork excluded. Unassessed subtype selections are not assigned.
gold-5fc7c85235660f86,Planter,Planter,Figural,Polyresin,,accepted,reviewed,Codex independent catalog reviewer,Independent physical noun and all observed modifier groups reviewed; semantic suffix contexts and every underscore variant inspected; no reader predictions
gold-600c2ce084830033,Canvas,Canvas,,Canvas,Plaster Word,accepted,reviewed,Codex independent catalog reviewer,Independently reviewed source physical-wording group and complete semantic modifier contexts
gold-60213598aac02b72,Pinboard,Pinboard,,,Faux Grass,accepted,reviewed,Codex independent catalog reviewer,Independent physical noun and all observed modifier groups reviewed; semantic suffix contexts and every underscore variant inspected; no reader predictions
gold-604da7bacb9bf420,Framed Print,Framed Print,Framed,Linen,,accepted,reviewed,Codex evaluation agent source review,Independent full source selection inspection; explicit physical wording and adjacent modifiers; artwork excluded. Unassessed subtype selections are not assigned.
gold-605326584a55242f,Memo Board,Memo Board,,,Dry-Erase,accepted,reviewed,Codex independent catalog reviewer,Source wording independently reviewed; physical noun and explicit modifiers
gold-60aa92bdab33c9bd,Frame,Frame,Raised; Setback,Wood,,accepted,reviewed,Codex independent frame-print gold reviewer,"Source names a frame and its contents/features, not a distinct art product."
gold-60c935d61b1cce93,Plaque,Plaque,,Metal,,accepted,reviewed,Codex primary implementer,Source physical-wording and suffix-attribute groups independently inspected. Artwork nouns and material-looking substrings excluded; no MG codes or reader predictions.
gold-60e7ef30a4dde051,Gel Sticker,Gel Sticker,,TPR,Screenprint,accepted,reviewed,Codex evaluation agent independent source review,"Independent full source inspection; physical wording reviewed, artwork does not establish material or type."
gold-60ef682e265d8bac,Desk Mat,Desk Mat,,,,accepted,reviewed,Codex independent catalog reviewer,Independent physical noun and all observed modifier groups reviewed; semantic suffix contexts and every underscore variant inspected; no reader predictions
gold-6108b82141c202d5,Porch Leaner,Porch Leaner,,MDF,Glitter,accepted,reviewed,Codex evaluation agent independent full source review,Explicit source product wording; assortment/sample words do not erase product evidence.
gold-6147890e6f5d56c2,Frame,Frame,Floating Frame,MDF,,accepted,reviewed,Codex independent product-type gold reviewer,"Explicit physical noun is Frame with construction/material and artwork identity. No stated print/art insert, framed physical object or portrait noun supports expanding it to Framed Art or Framed Print."
gold-6175c7f1be860530,Storage Hamper,Storage Hamper,Half-Moon,Fabric; Greyboard,,accepted,reviewed,Codex evaluation agent source review,Independent full source selection inspection; explicit physical wording and adjacent modifiers; artwork excluded. Unassessed subtype selections are not assigned. Source class correction: explicit Oxford means Fabric; floating character physical form and floating frame vocabulary retained.
gold-618fb64963632a61,Framed Art,Framed Art,Framed,Glass; Wood,,accepted,reviewed,Codex evaluation agent source review,Independent full source selection inspection; explicit physical wording and adjacent modifiers; artwork excluded. Unassessed subtype selections are not assigned.
gold-61b95f2134f78c4e,Decorative Word,Decorative Word,,,,accepted,reviewed,Codex independent physical-noun gold reviewer,Literal physical noun controls; licensed artwork cannot supply a subtype.
gold-61e2c2af05ebb843,Door Sign,Door Sign,,MDF,,accepted,reviewed,Codex primary implementer,Source physical-wording and suffix-attribute groups independently inspected. Artwork nouns and material-looking substrings excluded; no MG codes or reader predictions.
gold-61fe718e424b726d,Art,Art,,,High Gloss,accepted,reviewed,Codex independent catalog reviewer,Source wording independently reviewed; physical noun and explicit modifiers
gold-627544f19d9bb4cf,Canvas,Canvas,,Canvas,Paint Effect,accepted,reviewed,Codex independent catalog reviewer,Independently reviewed source physical-wording group and complete semantic modifier contexts
gold-632c4f1e1fdce149,Storage Hamper,Storage Hamper,,Faux Leather,,accepted,reviewed,Codex evaluation agent source review,Independent full source selection inspection; explicit physical wording and adjacent modifiers; artwork excluded. Unassessed subtype selections are not assigned.
gold-63451ccb62220b47,MDF Box,MDF Box,Die-Cut; Raised,MDF,,accepted,reviewed,Codex evaluation agent source review,Independent full source selection inspection; explicit physical wording and adjacent modifiers; artwork excluded. Unassessed subtype selections are not assigned.
gold-634a358e4c8c23af,Art,Art,Double-Layer,,,accepted,reviewed,Codex independent catalog reviewer,Only DoubleLayer Art stated; retain Art and normalize Layered to explicit Double-Layer. Do not infer Die-Cut from adjacent catalog peers.
gold-63a3b31d9f34fea1,Canvas,Canvas,Arched,Canvas,,accepted,reviewed,Codex independent catalog reviewer,Independently reviewed source physical-wording group and complete semantic modifier contexts
gold-63b6fab5736bb566,Framed Art,Framed Art,Deckled Edge; Framed,,,accepted,reviewed,Codex evaluation agent source review,Independent full source selection inspection; explicit physical wording and adjacent modifiers; artwork excluded. Unassessed subtype selections are not assigned.
gold-642d10e3cc390ca7,Framed Art,Framed Art,Framed; Setback,PU,,accepted,reviewed,Codex evaluation agent source review,Independent full source selection inspection; explicit physical wording and adjacent modifiers; artwork excluded. Unassessed subtype selections are not assigned.
gold-648dc1d3b1e978ac,Corkboard,Corkboard,Die-Cut,Cork,,accepted,reviewed,Codex independent catalog reviewer,Independent physical noun and all observed modifier groups reviewed; semantic suffix contexts and every underscore variant inspected; no reader predictions
gold-64a63b11c8ee12cf,Canvas,Canvas,Molded,Canvas,,accepted,reviewed,Codex independent catalog reviewer,Independently reviewed source physical-wording group and complete semantic modifier contexts
gold-64eee18ec74ba805,Storage Bin,Storage Bin,Rectangular; Woven,,,accepted,reviewed,Codex evaluation agent source review,Independent full source selection inspection; explicit physical wording and adjacent modifiers; artwork excluded. Unassessed subtype selections are not assigned.
gold-65001e0406949b2d,Tapestry,Tapestry,Hanging; Woven,Wood,,accepted,reviewed,Codex independent material gold reviewer,"Wooden directly modifies physical plaque/bar; material Wood stated, not wood-look finish or artwork subject. Tapestry fiber remains unspecified."
gold-652de910dfbb87f4,Lap Desk,Lap Desk,Cushioned,,,accepted,reviewed,Codex independent catalog reviewer,Independent physical noun and all observed modifier groups reviewed; semantic suffix contexts and every underscore variant inspected; no reader predictions
gold-65d6f29b99d8d29a,Plaque,Plaque,,MDF,Spot Varnish,accepted,reviewed,Codex independent treatment gold reviewer,Spot varnish directly modifies the physical plaque.
gold-66092cf7821cfc36,Headphone Stand,Headphone Stand,,Metal,,accepted,reviewed,Codex independent catalog reviewer,Independent physical noun and all observed modifier groups reviewed; semantic suffix contexts and every underscore variant inspected; no reader predictions
gold-6617b2c4615b8abd,Framed Lenticular Art,Framed Lenticular Art,Framed,MDF,,accepted,reviewed,Codex evaluation agent source review,Independent full source selection inspection; explicit physical wording and adjacent modifiers; artwork excluded. Unassessed subtype selections are not assigned.
gold-6742aa9e8f25306b,Wall Art,Wall Art,Plush,,,accepted,reviewed,Codex evaluation agent independent source review,"Independent full source inspection; physical wording reviewed, artwork does not establish material or type."
gold-675e3e45f5d6df30,Storage Organizer,Storage Organizer,Hanging,Fabric,,accepted,reviewed,Codex independent material gold reviewer,Source says nonwoven or non-woven and nowhere independently says woven; Woven construction contradicts source. Normalize nonwoven textile to broad Fabric material without a redundant second material. Preserve other stated construction and material.
gold-6771e7f6c4febc45,Storage Toy Chest,Storage Toy Chest,Collapsible,,,accepted,reviewed,Codex evaluation agent source review,Independent full source selection inspection; explicit physical wording and adjacent modifiers; artwork excluded. Unassessed subtype selections are not assigned.
gold-67c066091944167b,Print,Print,,MDF,,accepted,reviewed,Codex independent catalog reviewer,Source wording independently reviewed; physical noun and explicit modifiers
gold-67e49656b03f6477,Foam Wall Decor,Foam Wall Decor,,Foam,,accepted,reviewed,Codex independent catalog reviewer,Independently reviewed source physical-wording group and complete semantic modifier contexts
gold-681ee39bcced3c21,Glass Art,Glass Art,,Glass,Glitter,accepted,reviewed,Codex evaluation agent independent source review,Source wording independently inspected; product nouns explicit; artwork/size/color excluded; only stated materials and treatments retained.
gold-691f09ddebb51017,Storage Hamper,Storage Hamper,,Linen,,accepted,reviewed,Codex evaluation agent source review,Independent full source selection inspection; explicit physical wording and adjacent modifiers; artwork excluded. Unassessed subtype selections are not assigned.
gold-6a14e2f38dfe03ba,Storage Chest,Storage Chest,Domed,Greyboard,Spot Varnish,accepted,reviewed,Codex evaluation agent source review,Independent full source selection inspection; explicit physical wording and adjacent modifiers; artwork excluded. Unassessed subtype selections are not assigned.
gold-6a5208861c820598,Canvas,Canvas,Die-Cut,Canvas,,accepted,reviewed,Codex independent catalog reviewer,Independent source phrase grouping; all156 semantic suffix patterns reviewed with up to3 contexts each; restricted direct modifier syntax; no reader predictions
gold-6af54a2ca0f6816b,Framed Canvas,Framed Canvas,Floating Frame,Canvas,Gel Coat,accepted,reviewed,Codex independent catalog reviewer,Independent source phrase grouping; all156 semantic suffix patterns reviewed with up to3 contexts each; restricted direct modifier syntax; no reader predictions
gold-6b76b77d4d849646,Wall Art,Wall Art,,,LED,accepted,reviewed,Codex independent catalog reviewer,Source wording independently reviewed; physical noun and explicit modifiers
gold-6bc3a1e2766422ca,Block,Block,Shaped; Two-Sided,MDF,Screenprint,accepted,reviewed,Codex independent construction gold reviewer,"Physical source wording; dimensions, licensor, property, color and artwork excluded."
gold-6bd5880700ea10d3,Framed Glass Shadowbox,Framed Glass Shadowbox,Deckled Edge,Glass; Paper,,accepted,reviewed,Codex evaluation agent source review,Independent full source selection inspection; explicit physical wording and adjacent modifiers; artwork excluded. Unassessed subtype selections are not assigned.
gold-6be6b1a0ca88a337,Memo Holder,Memo Holder,Sculpted,,,accepted,reviewed,Codex independent catalog reviewer,"Entire source description individually inspected; explicit compound physical item or named retail set, not mixed assortment; no reader predictions"
gold-6c931ab36238716e,Rug,Rug,Shaped,Faux Fur,,accepted,reviewed,Codex primary implementer,Individual source description reviewed; only stated physical nouns and attributes retained; artwork and dimensions ignored.
gold-6c94c17531e7882f,Canvas,Canvas,,Canvas,Attachment; Glitter,accepted,reviewed,Codex independent catalog reviewer,Independently reviewed source physical-wording group and complete semantic modifier contexts
gold-6ce4463e0ec0e9da,Framed Shadowbox,Framed Shadowbox,,MDF,,accepted,reviewed,Codex evaluation agent source review,Independent full source selection inspection; explicit physical wording and adjacent modifiers; artwork excluded. Unassessed subtype selections are not assigned.
gold-6cfed18f602d54aa,Glass Shadowbox,Glass Shadowbox,,Glass,,accepted,reviewed,Codex independent frame-print gold reviewer,Printed Glass SB names a glass shadowbox but no separate frame.
gold-6d1c1a6d30a2a0a7,Garden Bag,Garden Bag,,,,accepted,reviewed,Codex evaluation agent independent source review,"Independent full source inspection; physical wording reviewed, artwork does not establish material or type."
gold-6d5d5347ff6684ef,Storage Bin,Storage Bin,Rope,Paper,,accepted,reviewed,Codex evaluation agent source review,Independent full source selection inspection; explicit physical wording and adjacent modifiers; artwork excluded. Unassessed subtype selections are not assigned.
gold-6d6d214824e4d00d,Door Sign,Door Sign,,,,accepted,reviewed,Codex primary implementer,Source physical-wording and suffix-attribute groups independently inspected. Artwork nouns and material-looking substrings excluded; no MG codes or reader predictions.
gold-6dcad09f29d06f2a,Storage Cube,Storage Cube,Collapsible,Fabric,,accepted,reviewed,Codex evaluation agent source review,Independent full source selection inspection; explicit physical wording and adjacent modifiers; artwork excluded. Unassessed subtype selections are not assigned.
gold-6e4b5efe44833c30,Wall Art,Wall Art,Woven,Rattan,,accepted,reviewed,Codex evaluation agent independent source review,"Independent full source inspection; physical wording reviewed, artwork does not establish material or type."
gold-6e6f887d7a544a80,Bird Feeder,Bird Feeder,,Plywood,,accepted,reviewed,Codex independent catalog reviewer,Independent physical noun and all observed modifier groups reviewed; semantic suffix contexts and every underscore variant inspected; no reader predictions
gold-6eae8492f48b8f47,Framed Art,Framed Art,Framed; Setback,PU,Metallic,accepted,reviewed,Codex evaluation agent source review,Independent full source selection inspection; explicit physical wording and adjacent modifiers; artwork excluded. Unassessed subtype selections are not assigned.
gold-6f3aef8beb28aaed,Planter,Planter,DIY,,,accepted,reviewed,Codex independent catalog reviewer,Independent physical noun and all observed modifier groups reviewed; semantic suffix contexts and every underscore variant inspected; no reader predictions
gold-7008854214265a05,Banner,Banner,Fishtail; Hanging,PU Leather,,accepted,reviewed,Codex independent catalog reviewer,Independently reviewed source physical-wording group and complete semantic modifier contexts
gold-70832952a24c6be9,Canvas,Canvas,,Canvas,Glow in the Dark,accepted,reviewed,Codex independent catalog reviewer,"Canonical wording normalization only: source explicitly says glow in the dark, including hyphenated variants. Article omission in earlier independent canvas labels does not denote a different treatment. Canonical Glow in the Dark follows full source phrase and existing sign/storage gold."
gold-70ae468ea0108030,Art,Art,,Metal,,accepted,reviewed,Codex independent catalog reviewer,Source wording independently reviewed; physical noun and explicit modifiers
gold-70da421a5e7eb0b2,Wall Clock,Wall Clock,Die-Cut,MDF,,accepted,reviewed,Codex evaluation agent independent source review,Source wording independently inspected; product nouns explicit; artwork/size/color excluded; only stated materials and treatments retained.
gold-71609a413c61f658,MDF Box,MDF Box,Laser-Cut; Reverse,MDF,,accepted,reviewed,Codex independent catalog reviewer,Reverse directly qualifies physical box; retain stated laser-cut modifier.
gold-718da0233916a2a4,Decorative Word,Decorative Word,,MDF,,accepted,reviewed,Codex independent physical-noun gold reviewer,Literal physical noun controls; licensed artwork cannot supply a subtype.
gold-735ce79ab3d8600d,Mat,Mat,,Coir,Glitter,accepted,reviewed,Codex primary implementer,Independent source wording group review and complete atypical attribute suffix review; no reader predictions. Mat placement never inferred; poly alone does not establish a specific polymer.
gold-743c23ccd9f2004e,Framed Canvas,Framed Canvas,Floating Frame,Canvas,Embossed,accepted,reviewed,Codex independent catalog reviewer,Independent source phrase grouping; all156 semantic suffix patterns reviewed with up to3 contexts each; restricted direct modifier syntax; no reader predictions
gold-7465353b307e4f6f,Photo Frame,Photo Frame,Die-Cut,MDF,Foil,accepted,reviewed,Codex evaluation agent source review,Independent full source selection inspection; explicit physical wording and adjacent modifiers; artwork excluded. Unassessed subtype selections are not assigned.
gold-74c90a3122c6ede3,Door Sign,Door Sign,Die-Cut,MDF,,accepted,reviewed,Codex primary implementer,Source physical-wording and suffix-attribute groups independently inspected. Artwork nouns and material-looking substrings excluded; no MG codes or reader predictions.
gold-74f585b0284843f2,Framed Puzzle Art,Framed Puzzle Art,Framed,,,accepted,reviewed,Codex independent catalog reviewer,Source wording independently reviewed; physical noun and explicit modifiers
gold-75a973cb685fbdeb,Mat,Mat,Shaped,Velvet,,accepted,reviewed,Codex primary implementer,Independent source wording group review and complete atypical attribute suffix review; no reader predictions. Mat placement never inferred; poly alone does not establish a specific polymer.
gold-75c9de5822aee739,Outdoor Mat,Outdoor Mat,,Crumb Rubber,,accepted,reviewed,Codex primary implementer,Independent source wording group review and complete atypical attribute suffix review; no reader predictions. Mat placement never inferred; poly alone does not establish a specific polymer.
gold-7643959094cb7cc3,Decorative Letter,Decorative Letter,,MDF,,accepted,reviewed,Codex primary implementer,Source physical-wording and suffix-attribute groups independently inspected. Artwork nouns and material-looking substrings excluded; no MG codes or reader predictions.
gold-764d95611942d235,Glass Shadowbox,Glass Shadowbox,Accordion,Glass; Paper,,accepted,reviewed,Codex independent frame-print gold reviewer,Shadowbox under glass names glass but no separate frame.
gold-770aa4a590c1442c,Storage Basket,Storage Basket,,Water Hyacinth,,accepted,reviewed,Codex evaluation agent source review,Independent full source selection inspection; explicit physical wording and adjacent modifiers; artwork excluded. Unassessed subtype selections are not assigned.
gold-77804338970023c3,Framed Canvas,Framed Canvas,Floating Frame,Canvas,,accepted,reviewed,Codex independent catalog reviewer,Independent source phrase grouping; all156 semantic suffix patterns reviewed with up to3 contexts each; restricted direct modifier syntax; no reader predictions
gold-77947af37e7c6c59,Framed Shadowbox,Framed Shadowbox,,Paper,,accepted,reviewed,Codex evaluation agent source review,Independent full source selection inspection; explicit physical wording and adjacent modifiers; artwork excluded. Unassessed subtype selections are not assigned.
gold-77a6398b3cf6bdad,Plaque,Plaque,Shaped,MDF,,accepted,reviewed,Codex primary implementer,Source physical-wording and suffix-attribute groups independently inspected. Artwork nouns and material-looking substrings excluded; no MG codes or reader predictions.
gold-781ad9de8b87893f,Corkboard,Corkboard,,Cork,,accepted,reviewed,Codex independent catalog reviewer,Independent physical noun and all observed modifier groups reviewed; semantic suffix contexts and every underscore variant inspected; no reader predictions
gold-78374d2ab23ab927,Easel,Easel,,Canvas,Dry-Erase,accepted,reviewed,Codex independent catalog reviewer,"Explicit physical Easel head in dry-erase canvas product phrase before size/caption. Canvas is the stated surface material; no conjunction or separate-product relationship. Same-type assortment does not erase physical Easel head. Decision source-only, not identity-derived."
gold-78930f40efd0089c,Embroidery Kit,Embroidery Kit,,,,accepted,reviewed,Codex primary implementer,Individual source description reviewed; only stated physical nouns and attributes retained; artwork and dimensions ignored.
gold-78d94a83a839e468,Framed Canvas,Framed Canvas,Framed,Canvas; MDF,,accepted,reviewed,Codex independent catalog reviewer,Independently reviewed source physical-wording group and complete semantic modifier contexts
gold-78e39cbb569543f6,Framed Print,Framed Print,Framed; Scalloped,Glass; MDF; Paper,,accepted,reviewed,Codex independent catalog reviewer,Physical wording and modifiers independently reviewed against source
gold-79e0673a16cfca3a,String Lights,String Lights,Clips,,,accepted,reviewed,Codex independent construction gold reviewer,String lights explicitly include physical clips.
gold-79e475d4b538c7d4,Tray,Tray,,MDF,,accepted,reviewed,Codex independent catalog reviewer,Independent physical noun and all observed modifier groups reviewed; semantic suffix contexts and every underscore variant inspected; no reader predictions
gold-79eb696945125260,Framed Art,Framed Art,Framed,Glass,,accepted,reviewed,Codex evaluation agent source review,Independent full source selection inspection; explicit physical wording and adjacent modifiers; artwork excluded. Unassessed subtype selections are not assigned.
gold-7a477a999c6137f2,Framed Art,Framed Art,Framed; Setback,Paper,,accepted,reviewed,Codex evaluation agent source review,Independent full source selection inspection; explicit physical wording and adjacent modifiers; artwork excluded. Unassessed subtype selections are not assigned.
gold-7a81ce5d3bad7601,Storage Suitcase,Storage Suitcase,Suitcase,Greyboard,Foil,accepted,reviewed,Codex independent catalog reviewer,Explicit suitcase storage form; no Hard or Box noun is stated. Canonical Storage Suitcase matches literal physical wording and already corrected SUITCS peers2475/7000. Size/identity assortment does not mix physical types. Other stated materials/construction/finishes preserved.
gold-7b5831928c984167,Canvas,Canvas,,Canvas,Glitter; Rhinestone,accepted,reviewed,Codex independent catalog reviewer,Independently reviewed source physical-wording group and complete semantic modifier contexts
gold-7b6b9b39c92cc842,Photo Frame,Photo Frame,,,Foil,accepted,reviewed,Codex evaluation agent source review,Independent full source selection inspection; explicit physical wording and adjacent modifiers; artwork excluded. Unassessed subtype selections are not assigned.
gold-7b74b2d176f0beba,Framed Print,Framed Print,Framed,Glass,,accepted,reviewed,Codex independent catalog reviewer,"Physical framed printed publication under glass, not an empty frame. Canonical Framed Print agrees with source-identical comic-book/newspaper peers 10040,10043,10105,12008,16167,17113; no identity-derived attributes."
gold-7b9ea15307004cb3,Lenticular Art,Lenticular Art,Die-Cut,,,accepted,reviewed,Codex evaluation agent source review,Independent full source selection inspection; explicit physical wording and adjacent modifiers; artwork excluded. Unassessed subtype selections are not assigned.
gold-7ba794c07910acc8,Storage Tower,Storage Tower,,,,accepted,reviewed,Codex evaluation agent source review,Independent full source selection inspection; explicit physical wording and adjacent modifiers; artwork excluded. Unassessed subtype selections are not assigned.
gold-7bc87b5fe2e22633,Block,Block,,MDF,Beaded,accepted,reviewed,Codex independent construction gold reviewer,"Physical source wording; dimensions, licensor, property, color and artwork excluded."
gold-7bf7107a8f7627fd,Block,Block,,MDF,Screenprint,accepted,reviewed,Codex independent construction gold reviewer,"Physical source wording; dimensions, licensor, property, color and artwork excluded."
gold-7c1c703703f963cb,Framed Glass Shadowbox,Framed Glass Shadowbox,Molded,Glass,,accepted,reviewed,Codex evaluation agent source review,Independent full source selection inspection; explicit physical wording and adjacent modifiers; artwork excluded. Unassessed subtype selections are not assigned.
gold-7c3d4429ca129028,Neon LED Light,Neon LED Light,,,LED,accepted,reviewed,Codex independent catalog reviewer,Independent physical noun and all observed modifier groups reviewed; semantic suffix contexts and every underscore variant inspected; no reader predictions
gold-7c69871d2616de30,Framed Art,Framed Art,Floating Frame; Wrapped,Linen,,accepted,reviewed,Codex evaluation agent independent source review,"Independent full source inspection; physical wording reviewed, artwork does not establish material or type."
gold-7c9605f54fa1f981,Bank,Bank,,Ceramic,,accepted,reviewed,Codex primary implementer,Individual source description reviewed; only stated physical nouns and attributes retained; artwork and dimensions ignored.
gold-7ce1b82aeaf50c27,Storage Box,Storage Box,Lift-Off,Greyboard,,accepted,reviewed,Codex independent catalog reviewer,"Physical lift-off-lid box explicitly stated, but neither Hard nor equivalent rigidity/construction stated. Greyboard material alone cannot teach Hard subtype. Preserve explicit Lift-Off, Greyboard and any stated foil."
gold-7d04a7cd114f1607,Framed Print,Framed Print,Framed,,,accepted,reviewed,Codex independent material gold reviewer,"Source names mirror, not glass; reflective substrate is unstated"
gold-7d19c3c273f0cfb1,MDF Box,MDF Box,,MDF,LED,accepted,reviewed,Codex evaluation agent source review,Independent full source selection inspection; explicit physical wording and adjacent modifiers; artwork excluded. Unassessed subtype selections are not assigned.
gold-7d70a4223fbb482e,Framed Glass Shadowbox,Framed Glass Shadowbox,,Glass,Diamond Dust,accepted,reviewed,Codex evaluation agent source review,Independent full source selection inspection; explicit physical wording and adjacent modifiers; artwork excluded. Unassessed subtype selections are not assigned.
gold-7d83b81a121a65b0,Mirror,Mirror,,,,accepted,reviewed,Codex independent catalog reviewer,Source wording independently reviewed; physical noun and explicit modifiers
gold-7d998dc83f3cecb1,Sign,Sign,,Metal,,accepted,reviewed,Codex primary implementer,Source physical-wording and suffix-attribute groups independently inspected. Artwork nouns and material-looking substrings excluded; no MG codes or reader predictions.
gold-7dd0a26876033d25,Memo Board,Memo Board,,,,accepted,reviewed,Codex independent catalog reviewer,Independent physical noun and all observed modifier groups reviewed; semantic suffix contexts and every underscore variant inspected; no reader predictions
gold-7dd715aed00fc479,Plaque,Plaque,,Acrylic,LED,accepted,reviewed,Codex primary implementer,Source physical-wording and suffix-attribute groups independently inspected. Artwork nouns and material-looking substrings excluded; no MG codes or reader predictions.
gold-7e42232208059e39,Chalkboard,Chalkboard,,,,accepted,reviewed,Codex independent catalog reviewer,Source wording independently reviewed; physical noun and explicit modifiers
gold-7e5fe06ae512ca21,Canvas,Canvas,,Canvas,Foil; Gel Coat; Glitter,accepted,reviewed,Codex independent treatment gold reviewer,"One physical product noun governs coordinated finishes; assorted licenses qualifies licensing, not separate finish variants"
gold-7e81b31e693f22f6,Art,Art,Molded,,,accepted,reviewed,Codex evaluation agent independent source review,"Independent full source inspection; physical wording reviewed, artwork does not establish material or type."
gold-7ee2433fbefa2779,Tabletop LED Art,Tabletop LED Art,,Acrylic,LED,accepted,reviewed,Codex independent catalog reviewer,Independently reviewed source physical-wording group and complete semantic modifier contexts
gold-7ef0e6ba0a640203,Plaque,Plaque,,Fabric; MDF,Glitter; Screenprint,accepted,reviewed,Codex primary implementer,Individual source description reviewed; only stated physical nouns and attributes retained; artwork and dimensions ignored.
gold-7f77250c9654148a,Floating Character Box,Floating Character Box,Floating,MDF,LED,accepted,reviewed,Codex evaluation agent source review,Independent full source selection inspection; explicit physical wording and adjacent modifiers; artwork excluded. Unassessed subtype selections are not assigned. Source class correction: explicit Oxford means Fabric; floating character physical form and floating frame vocabulary retained.
gold-7fb72875fe4aaf74,Wall Hook,Wall Hook,,MDF,,accepted,reviewed,Codex independent catalog reviewer,Independent physical noun and all observed modifier groups reviewed; semantic suffix contexts and every underscore variant inspected; no reader predictions
gold-7fbf3caf169b5459,Wall Monogram,Wall Monogram,Weighted Bottom,Suede,,accepted,reviewed,Codex primary implementer,Individual source description reviewed; only stated physical nouns and attributes retained; artwork and dimensions ignored.
gold-7fd4df15709cdb6e,Framed Relief Art,Framed Relief Art,3D; Framed,,,accepted,reviewed,Codex independent catalog reviewer,Independently reviewed source physical-wording group and complete semantic modifier contexts
gold-802183be35e47eaf,Leaner Sign,Leaner Sign,,,LED,accepted,reviewed,Codex independent catalog reviewer,Source wording independently reviewed; physical noun and explicit modifiers
gold-8032e0faf9ca6626,Faux Book,Faux Book,Set,,,accepted,reviewed,Codex independent construction gold reviewer,"An explicit multi-piece/set count describes the physical products, not artwork."
gold-806bdd3e13d2a106,Wall Art,Wall Art,Framed,Fabric,,accepted,reviewed,Codex independent catalog reviewer,Source wording independently reviewed; physical noun and explicit modifiers
gold-80d7d96c1d74003f,Storage Hamper,Storage Hamper,,PU,,accepted,reviewed,Codex evaluation agent source review,Independent full source selection inspection; explicit physical wording and adjacent modifiers; artwork excluded. Unassessed subtype selections are not assigned.
gold-80e6e031708d95fe,Frame,Frame,,Fabric,,accepted,reviewed,Codex independent frame-print gold reviewer,"Source names a frame and its contents/features, not a distinct art product."
gold-80e8d47392f61f7e,Jewelry Box,Jewelry Box,,Fabric; Greyboard,Embroidery,accepted,reviewed,Codex primary implementer,Individual source description reviewed; only stated physical nouns and attributes retained; artwork and dimensions ignored.
gold-81a3a80f32f225ef,Storage Toy Chest,Storage Toy Chest,,Fabric; Greyboard,,accepted,reviewed,Codex evaluation agent source review,Independent full source selection inspection; explicit physical wording and adjacent modifiers; artwork excluded. Unassessed subtype selections are not assigned. Source class correction: explicit Oxford means Fabric; floating character physical form and floating frame vocabulary retained.
gold-81add8a812a65e65,Message Board,Message Board,Shadowbox,Glass,,accepted,reviewed,Codex primary implementer,Individual source description reviewed; only stated physical nouns and attributes retained; artwork and dimensions ignored.
gold-81ceacc96e051bc9,Memo Board,Memo Board,Magnetic,Fabric,,accepted,reviewed,Codex independent catalog reviewer,Independent physical noun and all observed modifier groups reviewed; semantic suffix contexts and every underscore variant inspected; no reader predictions
gold-81e5cff55ad11be6,Photo Frame,Photo Frame,Die-Cut,,,accepted,reviewed,Codex evaluation agent source review,Independent full source selection inspection; explicit physical wording and adjacent modifiers; artwork excluded. Unassessed subtype selections are not assigned.
gold-82184897ed056436,Canvas,Canvas,,Canvas; Chenille,,accepted,reviewed,Codex independent material gold reviewer,Explicit with chenille clause; embroidery retained only when stated
gold-822959984f152790,Framed Print,Framed Print,Framed,MDF,LED,accepted,reviewed,Codex evaluation agent source review,Independent full source selection inspection; explicit physical wording and adjacent modifiers; artwork excluded. Unassessed subtype selections are not assigned.
gold-8283c2557b9b03b9,Photo Frame,Photo Frame,,MDF; Paper,,accepted,reviewed,Codex evaluation agent source review,Independent full source selection inspection; explicit physical wording and adjacent modifiers; artwork excluded. Unassessed subtype selections are not assigned.
gold-82b64d0acbb65f4d,Sign,Sign,,Glass,,accepted,reviewed,Codex primary implementer,Source physical-wording and suffix-attribute groups independently inspected. Artwork nouns and material-looking substrings excluded; no MG codes or reader predictions.
gold-82daed56874c73f8,Phone Stand,Phone Stand,Molded,PVC,,accepted,reviewed,Codex independent catalog reviewer,Independent physical noun and all observed modifier groups reviewed; semantic suffix contexts and every underscore variant inspected; no reader predictions
gold-82e5789bfc1b8aee,Embroidery Art,Embroidery Art,,,Embroidery,accepted,reviewed,Codex independent catalog reviewer,Source wording independently reviewed; physical noun and explicit modifiers
gold-8354883938ee81de,Framed Print,Framed Print,Floating Frame,MDF,,accepted,reviewed,Codex evaluation agent independent source review,"Independent full source inspection; physical wording reviewed, artwork does not establish material or type."
gold-838b1a398035d708,Canvas,Canvas,,Canvas,Glitter; LED,accepted,reviewed,Codex independent catalog reviewer,Independent source phrase grouping; all156 semantic suffix patterns reviewed with up to3 contexts each; restricted direct modifier syntax; no reader predictions
gold-83e0da0ec5d41c4f,Framed Print,Framed Print,Framed,Glass; Paper,,accepted,reviewed,Codex independent catalog reviewer,"Physical framed printed publication under glass, not an empty frame. Canonical Framed Print agrees with source-identical comic-book/newspaper peers 10040,10043,10105,12008,16167,17113; no identity-derived attributes."
gold-83fdb83c1f6a9320,Sign,Sign,,,,accepted,reviewed,Codex primary implementer,Source physical-wording and suffix-attribute groups independently inspected. Artwork nouns and material-looking substrings excluded; no MG codes or reader predictions.
gold-8406beed9ecf25ef,Clock,Clock,Die-Cut; Step Movement,Acrylic,,accepted,reviewed,Codex independent catalog reviewer,Independently reviewed source physical-wording group and complete semantic modifier contexts
gold-8448ef369eb0475d,Storage Bin,Storage Bin,Tapered,Fabric,,accepted,reviewed,Codex evaluation agent source review,Independent full source selection inspection; explicit physical wording and adjacent modifiers; artwork excluded. Unassessed subtype selections are not assigned.
gold-844a6558e112ee56,Framed Print,Framed Print,Framed,,Glitter,accepted,reviewed,Codex independent catalog reviewer,Source wording independently reviewed; physical noun and explicit modifiers
gold-84cf0048b29fccd6,Framed Canvas,Framed Canvas,Framed,Acrylic; Canvas,Spot Varnish,accepted,reviewed,Codex independent catalog reviewer,Independently reviewed underscore product group; suffix semantic contexts checked; no reader predictions
gold-84dc8bd266a53a86,Storage Bin,Storage Bin,Set; Tapered,,,accepted,reviewed,Codex independent construction and treatment gold reviewer,The earlier gold correction added explicit three-piece Set but accidentally dropped equally explicit Tapered construction; retain both.
gold-85114d2bbacfd21e,Pennant,Pennant,Hanging,,,accepted,reviewed,Codex independent catalog reviewer,Independently reviewed source physical-wording group and complete semantic modifier contexts
gold-861b3645dc9b5310,Lawn Sign,Lawn Sign,Corrugated,Metal; PP,,accepted,reviewed,Codex independent catalog reviewer,Independent physical noun and all observed modifier groups reviewed; semantic suffix contexts and every underscore variant inspected; no reader predictions
gold-87b750f195a1af01,Print,Print,,,,accepted,reviewed,Codex independent catalog reviewer,Source wording independently reviewed; physical noun and explicit modifiers
gold-87b9c82f398957e6,Shelf,Shelf,,Acrylic,,accepted,reviewed,Codex independent catalog reviewer,Source wording independently reviewed; physical noun and explicit modifiers
gold-87f0ef1ea481c829,Hard Storage Box,Hard Storage Box,,Greyboard,,accepted,reviewed,Codex independent construction gold reviewer,Book storage does not explicitly state faux-book or book-shaped construction; storing books and resembling books cannot be distinguished from noun phrase alone.
gold-88177c5272ecc766,Recipe Box,Recipe Box,,Greyboard,,accepted,reviewed,Codex independent catalog reviewer,Source wording independently reviewed; physical noun and explicit modifiers
gold-885660c3c492e28f,Kitchen Organizer,Kitchen Organizer,,Plastic,,accepted,reviewed,Codex evaluation agent independent source review,"Independent full source inspection; physical wording reviewed, artwork does not establish material or type."
gold-88570a50797bed02,Framed Print,Framed Print,Floating Frame,Paper,Embossed,accepted,reviewed,Codex evaluation agent source review,Independent full source selection inspection; explicit physical wording and adjacent modifiers; artwork excluded. Unassessed subtype selections are not assigned. Source class correction: explicit Oxford means Fabric; floating character physical form and floating frame vocabulary retained.
gold-887e4902ad03fc17,Framed Glass Shadowbox,Framed Glass Shadowbox,Raised,Canvas; Glass,,accepted,reviewed,Codex evaluation agent source review,Independent full source selection inspection; explicit physical wording and adjacent modifiers; artwork excluded. Unassessed subtype selections are not assigned.
gold-888c5407d5141eea,Block,Block,Shaped,MDF,,accepted,reviewed,Codex independent construction gold reviewer,"Physical source wording; dimensions, licensor, property, color and artwork excluded."
gold-88a0914941b3715d,Wall Hook,Wall Hook,Die-Cut,MDF,,accepted,reviewed,Codex independent catalog reviewer,Independent physical noun and all observed modifier groups reviewed; semantic suffix contexts and every underscore variant inspected; no reader predictions
gold-891c82e2862062c7,Plaque,Plaque,Die-Cut,MDF,,accepted,reviewed,Codex primary implementer,Source physical-wording and suffix-attribute groups independently inspected. Artwork nouns and material-looking substrings excluded; no MG codes or reader predictions.
gold-8973888299a6278a,Framed Glass Shadowbox,Framed Glass Shadowbox,Framed,Glass,Glitter,accepted,reviewed,Codex evaluation agent source review,Independent full source selection inspection; explicit physical wording and adjacent modifiers; artwork excluded. Unassessed subtype selections are not assigned.
gold-899ed45382786732,Desktop Organizer,Desktop Organizer,Four-Compartment,,,accepted,reviewed,Codex independent catalog reviewer,"4 compartment immediately qualifies desktop organizer physical partition construction, before model/artwork names. Not pack count, dimension, property sequel number or mixed products."
gold-89eb2b6d17668c20,Relief Art,Relief Art,3D,,,accepted,reviewed,Codex independent catalog reviewer,Independently reviewed source physical-wording group and complete semantic modifier contexts
gold-8a0156a36ea012e8,Framed Art,Framed Art,Floating Frame; Wrapped,Linen,Embroidery,accepted,reviewed,Codex evaluation agent independent source review,"Independent full source inspection; physical wording reviewed, artwork does not establish material or type."
gold-8afed42a1cb46ff8,Storage Bin,Storage Bin,,Fabric; Greyboard,,accepted,reviewed,Codex evaluation agent source review,Independent full source selection inspection; explicit physical wording and adjacent modifiers; artwork excluded. Unassessed subtype selections are not assigned.
gold-8b54f9dabfa1b9c3,Tabletop Block,Tabletop Block,,Ceramic,Foil,accepted,reviewed,Codex evaluation agent source review,Independent full source selection inspection; explicit physical wording and adjacent modifiers; artwork excluded. Unassessed subtype selections are not assigned.
gold-8b77f75f431a73bf,Candle Holder,Candle Holder,With Shelf,,,accepted,reviewed,Codex primary implementer,Individual source description reviewed; only stated physical nouns and attributes retained; artwork and dimensions ignored.
gold-8b925c78ceeac4b9,Light,Light,Die-Cut,MDF,LED,accepted,reviewed,Codex independent catalog reviewer,Source wording independently reviewed; physical noun and explicit modifiers
gold-8b992406ae7e2f57,Frame,Frame,Setback,,,accepted,reviewed,Codex independent catalog reviewer,Bare setback frame does not establish a framed inner product.
gold-8ba97e952e38d8fd,Framed Canvas,Framed Canvas,Framed,Canvas,Embossed,accepted,reviewed,Codex independent catalog reviewer,Independent source phrase grouping; all156 semantic suffix patterns reviewed with up to3 contexts each; restricted direct modifier syntax; no reader predictions
gold-8bb306172ca6fe56,Tabletop Art,Tabletop Art,,MDF,,accepted,reviewed,Codex independent partition three source reviewer,"The source explicitly calls this tabletop art. Spinning letters describe its form, while the displayed words are artwork and must not determine the product type. Decorative Word relied on the displayed text rather than the product noun."
gold-8c56d66f0dfae533,Door Sign,Door Sign,Reversible,,,accepted,reviewed,Codex primary implementer,Source physical-wording and suffix-attribute groups independently inspected. Artwork nouns and material-looking substrings excluded; no MG codes or reader predictions.
gold-8c785907e07e7e45,Framed Canvas,Framed Canvas,Floating Frame,Canvas,Puff Paint,accepted,reviewed,Codex independent catalog reviewer,Independently reviewed underscore product group; suffix semantic contexts checked; no reader predictions
gold-8cb4213c25404dea,Trinket Tray,Trinket Tray,,Ceramic,,accepted,reviewed,Codex independent catalog reviewer,Independent physical noun and all observed modifier groups reviewed; semantic suffix contexts and every underscore variant inspected; no reader predictions
gold-8cc54cbf3e96b646,Framed Art,Framed Art,Framed,,Diamond Dust,accepted,reviewed,Codex evaluation agent source review,Independent full source selection inspection; explicit physical wording and adjacent modifiers; artwork excluded. Unassessed subtype selections are not assigned.
gold-8cde7dd9c982ec3f,Wall Art,Wall Art,,MDF,,accepted,reviewed,Codex independent material gold reviewer,MDF explicitly names base or frame material in physical product clause.
gold-8d037a56856c2ef9,Photo Display String,Photo Display String,,,,accepted,reviewed,Codex evaluation agent independent source review,"Independent full source inspection; physical wording reviewed, artwork does not establish material or type."
gold-8d3f658d428cbe25,Art,Art,,,Glitter; UV Lacquer,accepted,reviewed,Codex independent catalog reviewer,Independently reviewed explicit physical wording; no inferred wall/tabletop form or material
gold-8d729ed988d98664,Mug,Mug,,Ceramic,,accepted,reviewed,Codex independent catalog reviewer,Independent physical noun and all observed modifier groups reviewed; semantic suffix contexts and every underscore variant inspected; no reader predictions
gold-8db74ddc5f532842,Wall Art,Wall Art,Framed,,,accepted,reviewed,Codex independent material gold reviewer,"Frame or framed explicitly describes physical wall art, sign, or mirror rather than artwork scene."
gold-8e1056b342282129,Framed Print,Framed Print,Framed,MDF,,accepted,reviewed,Codex evaluation agent source review,Independent full source selection inspection; explicit physical wording and adjacent modifiers; artwork excluded. Unassessed subtype selections are not assigned.
gold-8e45402c08af4c37,Storage Basket,Storage Basket,Rope,Cotton,Applique,accepted,reviewed,Codex evaluation agent source review,Independent full source selection inspection; explicit physical wording and adjacent modifiers; artwork excluded. Unassessed subtype selections are not assigned.
gold-8e4997a0b7bd558d,Framed Canvas,Framed Canvas,Floating Frame,Canvas; Wood,,accepted,reviewed,Codex independent catalog reviewer,Independently reviewed source physical-wording group and complete semantic modifier contexts
gold-8e99308a8b9e71ee,Block,Block,Die-Cut,MDF,High Gloss,accepted,reviewed,Codex independent construction gold reviewer,"Physical source wording; dimensions, licensor, property, color and artwork excluded."
gold-8f3e8e05e7328171,Countdown Calendar,Countdown Calendar,,,,accepted,reviewed,Codex primary implementer,Individual source description reviewed; only stated physical nouns and attributes retained; artwork and dimensions ignored.
gold-8f472b40e39838e8,Mirror,Mirror,Shaped,,,accepted,reviewed,Codex evaluation agent independent source review,"Independent full source inspection; physical wording reviewed, artwork does not establish material or type."
gold-8fadcec4bbfa509a,Plaque,Plaque,,Glass,,accepted,reviewed,Codex primary implementer,Source physical-wording and suffix-attribute groups independently inspected. Artwork nouns and material-looking substrings excluded; no MG codes or reader predictions.
gold-8fd8bb7797cc430e,Decorative Letter,Decorative Letter,,MDF; Metal,Embossed,accepted,reviewed,Codex primary implementer,Source physical-wording and suffix-attribute groups independently inspected. Artwork nouns and material-looking substrings excluded; no MG codes or reader predictions.
gold-9113022061100dfd,Mirror,Mirror,,EVA Foam,,accepted,reviewed,Codex independent catalog reviewer,Source wording independently reviewed; physical noun and explicit modifiers
gold-917932717c546a82,Block,Block,,MDF,Glitter; Screenprint,accepted,reviewed,Codex independent construction gold reviewer,"Physical source wording; dimensions, licensor, property, color and artwork excluded."
gold-918e7228e25a0ac9,Framed Art,Framed Art,Framed; Setback,Wood,,accepted,reviewed,Codex evaluation agent source review,Independent full source selection inspection; explicit physical wording and adjacent modifiers; artwork excluded. Unassessed subtype selections are not assigned.
gold-91db20271348d185,Shelf,Shelf,,MDF,,accepted,reviewed,Codex independent catalog reviewer,Independent physical noun and all observed modifier groups reviewed; semantic suffix contexts and every underscore variant inspected; no reader predictions
gold-91e286a5d502646c,Storage Hamper,Storage Hamper,Pop-Up,Fabric,,accepted,reviewed,Codex evaluation agent source review,Independent full source selection inspection; explicit physical wording and adjacent modifiers; artwork excluded. Unassessed subtype selections are not assigned.
gold-921c0b15ef650f15,Canvas,Canvas,Staggered,Canvas,Glitter,accepted,reviewed,Codex independent construction gold reviewer,"Physical source wording; dimensions, licensor, property, color and artwork excluded."
gold-9262f06cee605a0c,Framed Print,Framed Print,Framed,Glass; MDF,,accepted,reviewed,Codex evaluation agent source review,Independent full source selection inspection; explicit physical wording and adjacent modifiers; artwork excluded. Unassessed subtype selections are not assigned.
gold-928f769d2c41d5b2,Plaque,Plaque,Laser-Cut,MDF,,accepted,reviewed,Codex primary implementer,Source physical-wording and suffix-attribute groups independently inspected. Artwork nouns and material-looking substrings excluded; no MG codes or reader predictions.
gold-92e3f85c5dab4a18,Relief Art,Relief Art,3D,MDF,,accepted,reviewed,Codex independent catalog reviewer,Independently reviewed source physical-wording group and complete semantic modifier contexts
gold-92eeea0ea9168b33,Art,Art,,,Metallic,accepted,reviewed,Codex evaluation agent independent full source review,Explicit source product wording; assortment/sample words do not erase product evidence.
gold-9321025676034b2d,Lenticular Art,Lenticular Art,,,,accepted,reviewed,Codex evaluation agent independent source review,Source wording independently inspected; product nouns explicit; artwork/size/color excluded; only stated materials and treatments retained. No physical framing asserted; jumping out of frame describes depicted art rather than construction.
gold-934f1dc2554e4911,MDF Box,MDF Box,,MDF,Spot Varnish,accepted,reviewed,Codex evaluation agent source review,Independent full source selection inspection; explicit physical wording and adjacent modifiers; artwork excluded. Unassessed subtype selections are not assigned.
gold-934f44260f22e619,Glass Art,Glass Art,Chain,Glass,Stained Glass,accepted,reviewed,Codex evaluation agent source review,Independent full source selection inspection; explicit physical wording and adjacent modifiers; artwork excluded. Unassessed subtype selections are not assigned.
gold-9363b26d5ea0ca23,Canvas,Canvas,Stretched,Canvas,Foil,accepted,reviewed,Codex independent catalog reviewer,Independently reviewed underscore product group; suffix semantic contexts checked; no reader predictions
gold-937fa0379b0bf86f,Framed Glass Shadowbox,Framed Glass Shadowbox,,Glass,,accepted,reviewed,Codex evaluation agent source review,Independent full source selection inspection; explicit physical wording and adjacent modifiers; artwork excluded. Unassessed subtype selections are not assigned.
gold-9380c50169978f6d,Framed Art,Framed Art,Framed; Setback,,,accepted,reviewed,Codex evaluation agent source review,Independent full source selection inspection; explicit physical wording and adjacent modifiers; artwork excluded. Unassessed subtype selections are not assigned.
gold-938e55eeccdae942,Storage Basket,Storage Basket,,Fabric,,accepted,reviewed,Codex evaluation agent source review,Independent full source selection inspection; explicit physical wording and adjacent modifiers; artwork excluded. Unassessed subtype selections are not assigned.
gold-939b2b4fb9e853b7,Rug,Rug,Runner,Cotton,,accepted,reviewed,Codex primary implementer,Individual source description reviewed; only stated physical nouns and attributes retained; artwork and dimensions ignored.
gold-93a27c6b6a1e76dd,Canvas,Canvas,,Canvas; Faux Leather,Handpaint,accepted,reviewed,Codex independent treatment gold reviewer,"Source states handpaint and faux leather, without saying an attachment treatment; remove inferred Attachment."
gold-93ae493ea84f99ea,Storage Bin,Storage Bin,Rope,Cotton; Felt,Applique,accepted,reviewed,Codex evaluation agent source review,Independent full source selection inspection; explicit physical wording and adjacent modifiers; artwork excluded. Unassessed subtype selections are not assigned.
gold-93c2eab38deebbb7,Framed Art,Framed Art,Framed; Molded,,,accepted,reviewed,Codex evaluation agent independent source review,"Independent full source inspection; physical wording reviewed, artwork does not establish material or type."
gold-941cd083226de91b,Foam Wall Decor,Foam Wall Decor,Hand-Cut,Foam,,accepted,reviewed,Codex independent catalog reviewer,Independently reviewed source physical-wording group and complete semantic modifier contexts
gold-949759e706ad84de,Canvas Tapestry,Canvas Tapestry,Hanging,Canvas,,accepted,reviewed,Codex independent catalog reviewer,Independently reviewed underscore product group; suffix semantic contexts checked; no reader predictions
gold-95375c4547eadbd6,Canvas Tapestry,Canvas Tapestry,,Canvas,,accepted,reviewed,Codex independent catalog reviewer,Independently reviewed underscore product group; suffix semantic contexts checked; no reader predictions
gold-954f6bb835694587,Block,Block,Die-Cut,MDF,LED,accepted,reviewed,Codex independent catalog reviewer,Source wording independently reviewed; physical noun and explicit modifiers
gold-955bf85e9245554d,Framed Glass Shadowbox,Framed Glass Shadowbox,,Glass; Paper,Foil,accepted,reviewed,Codex evaluation agent source review,Independent full source selection inspection; explicit physical wording and adjacent modifiers; artwork excluded. Unassessed subtype selections are not assigned.
gold-9595378eccb3e79d,Block,Block,,Glass,,accepted,reviewed,Codex independent construction gold reviewer,"Physical source wording; dimensions, licensor, property, color and artwork excluded."
gold-95b0207788d2dc97,Block,Block,Die-Cut; Shaped,MDF,,accepted,reviewed,Codex independent construction gold reviewer,"Physical source wording; dimensions, licensor, property, color and artwork excluded."
gold-95b33b148ccea4d5,Framed Print,Framed Print,Deep Frame; Framed,MDF,,accepted,reviewed,Codex independent construction gold reviewer,"Printed MDF IN Deep Frame explicitly identifies physical frame depth, not artwork adjective. Depth is stated rather than inferred from dimensions."
gold-95b50502fd7f578c,Decorative Chain,Decorative Chain,,Ceramic,,accepted,reviewed,Codex independent catalog reviewer,Physical wording and modifiers independently reviewed against source
gold-95c8d8d37ca02230,Rug,Rug,,Fur,,accepted,reviewed,Codex primary implementer,Individual source description reviewed; only stated physical nouns and attributes retained; artwork and dimensions ignored.
gold-95d953f59b2d2da8,Framed Canvas,Framed Canvas,Floating Frame,Canvas,Foil; Pearls,accepted,reviewed,Codex independent catalog reviewer,Independent source phrase grouping; all156 semantic suffix patterns reviewed with up to3 contexts each; restricted direct modifier syntax; no reader predictions
gold-95e4e97053f06f7d,Storage Ottoman,Storage Ottoman,Non-Collapsible,MDF,,accepted,reviewed,Codex evaluation agent source review,Independent full source selection inspection; explicit physical wording and adjacent modifiers; artwork excluded. Unassessed subtype selections are not assigned.
gold-95fb35e33d206920,Block,Block,Set,MDF,,accepted,reviewed,Codex independent construction gold reviewer,"An explicit multi-piece/set count describes the physical products, not artwork."
gold-96157e2e3471d468,Block,Block,Die-Cut,MDF,Foil,accepted,reviewed,Codex independent construction gold reviewer,"Physical source wording; dimensions, licensor, property, color and artwork excluded."
gold-96c6e01ed01a3ba2,Framed Canvas,Framed Canvas,Floating Frame,Canvas,Gold Leaf; Puff Paint,accepted,reviewed,Codex independent catalog reviewer,Independently reviewed underscore product group; suffix semantic contexts checked; no reader predictions
gold-970684ecfd63d6e7,Framed Canvas,Framed Canvas,Floating Frame,Canvas,High Gloss,accepted,reviewed,Codex independent product-type gold reviewer,Physical clause FLTR/floatr FRM CNVS W HGH GLSS explicitly states floater-frame canvas with high gloss; prior licensed/artwork words do not alter product.
gold-979c74c14df04a70,Canvas,Canvas,Rope-Wrapped,Canvas; Rope,,accepted,reviewed,Codex independent catalog reviewer,Independently reviewed source physical-wording group and complete semantic modifier contexts
gold-97c5f58d496a0262,Framed Canvas,Framed Canvas,Framed; Matted,Canvas,Handpaint,accepted,reviewed,Codex independent catalog reviewer,Independently reviewed source physical-wording group and complete semantic modifier contexts
gold-985bf3d443d236c9,Art,Art,,Satin,,accepted,reviewed,Codex evaluation agent independent source review,"Independent full source inspection; physical wording reviewed, artwork does not establish material or type."
gold-986e97dcfc0c5a67,Canvas,Canvas,,Canvas,Embellished,accepted,reviewed,Codex independent catalog reviewer,Independently reviewed source physical-wording group and complete semantic modifier contexts
gold-989ebd656b2fde77,Ring Dish,Ring Dish,,Ceramic,,accepted,reviewed,Codex independent catalog reviewer,Source wording independently reviewed; physical noun and explicit modifiers
gold-98eff1b94bbfe7c7,Tall Sign,Tall Sign,,MDF,Glitter,accepted,reviewed,Codex primary implementer,Source physical-wording and suffix-attribute groups independently inspected. Artwork nouns and material-looking substrings excluded; no MG codes or reader predictions.
gold-99fe24863d479f3d,Framed Canvas,Framed Canvas,Floating Frame,Canvas,Glitter,accepted,reviewed,Codex independent catalog reviewer,Independent source phrase grouping; all156 semantic suffix patterns reviewed with up to3 contexts each; restricted direct modifier syntax; no reader predictions
gold-9aa0612df59344c3,Storage Toy Chest,Storage Toy Chest,Domed,Greyboard,,accepted,reviewed,Codex evaluation agent source review,Independent full source selection inspection; explicit physical wording and adjacent modifiers; artwork excluded. Unassessed subtype selections are not assigned.
gold-9af5cc2fd3c4caa4,Wall Art,Wall Art,Hanging,Wool,Embroidery,accepted,reviewed,Codex independent material gold reviewer,The explicit product noun is wall art; hanging is construction. Same physical phrase as 56 existing Wall Art/Hanging rows. Wool fabric is one wool textile.
gold-9b8bbb2002ecd945,Light-Up Silhouette,Light-Up Silhouette,,MDF,,accepted,reviewed,Codex evaluation agent independent full source review,Light-up silhouette explicit; LED only stated in 8807.
gold-9bbb1631f90abd16,Decorative Word,Decorative Word,Wrapped,,,accepted,reviewed,Codex evaluation agent independent source review,"Independent full source inspection; physical wording reviewed, artwork does not establish material or type."
gold-9bbbfba459ce0c65,Clock,Clock,Die-Cut; Step Movement,Metal,,accepted,reviewed,Codex independent catalog reviewer,Independently reviewed source physical-wording group and complete semantic modifier contexts
gold-9bd57d8114325ce5,Framed Glass Shadowbox,Framed Glass Shadowbox,Raised,Glass,,accepted,reviewed,Codex evaluation agent source review,Independent full source selection inspection; explicit physical wording and adjacent modifiers; artwork excluded. Unassessed subtype selections are not assigned.
gold-9c2878c3f99460c2,Sequin Art,Sequin Art,Flip,,Sequins,accepted,reviewed,Codex independent catalog reviewer,Physical wording and modifiers independently reviewed against source
gold-9ca2070a00ba7be9,Tapestry,Tapestry,,,,accepted,reviewed,Codex independent catalog reviewer,Independently reviewed source physical-wording group and complete semantic modifier contexts
gold-9cb825b1d1fb2900,Frame,Frame,Floating Frame,,High Gloss,accepted,reviewed,Codex evaluation agent independent full source review,Explicit source product wording; assortment/sample words do not erase product evidence.
gold-9cd6ea4dce307fa8,Photo Frame,Photo Frame,Scalloped,Fabric; MDF,,accepted,reviewed,Codex evaluation agent source review,Independent full source selection inspection; explicit physical wording and adjacent modifiers; artwork excluded. Unassessed subtype selections are not assigned.
gold-9d8d076032da2ffe,Desktop Organizer,Desktop Organizer,Faux Book,,,accepted,reviewed,Codex independent product-type gold reviewer,"Desk or desktop organizer is explicit; stationery use is not. Licensor, property, style name, compartment count, and accessories do not narrow the product type."
gold-9dce6f428f291d73,Framed Canvas,Framed Canvas,Floating Frame; Matted,Canvas,Foil,accepted,reviewed,Codex independent construction gold reviewer,Matted and floated are both explicit physical framing features.
gold-9e0c9ad48e29c736,Pencil Case,Pencil Case,,Acrylic,,accepted,reviewed,Codex independent catalog reviewer,"All selected source descriptions individually inspected; full product wording and suffix reviewed; independent semantic labels, not reader predictions"
gold-9e6f4e65927a3b09,String Lights,String Lights,,,,accepted,reviewed,Codex evaluation agent independent source review,"Independent full source inspection; physical wording reviewed, artwork does not establish material or type."
gold-9e8be4258e649f2b,Decorative Letter,Decorative Letter,,Greyboard,,accepted,reviewed,Codex primary implementer,Source physical-wording and suffix-attribute groups independently inspected. Artwork nouns and material-looking substrings excluded; no MG codes or reader predictions.
gold-9eeaccb8decada67,Foam Art,Foam Art,Molded,Foam,,accepted,reviewed,Codex independent catalog reviewer,Independently reviewed source physical-wording group and complete semantic modifier contexts
gold-9f019fa9b87627ab,Alarm Clock,Alarm Clock,,Metal,,accepted,reviewed,Codex independent catalog reviewer,Independently reviewed source physical-wording group and complete semantic modifier contexts
gold-9f04e94eabf0ea39,Art,Art,,,LED,accepted,reviewed,Codex evaluation agent independent source review,"Independent full source inspection; physical wording reviewed, artwork does not establish material or type."
gold-9f15001d97968fe4,MDF Box,MDF Box,,MDF,Foil,accepted,reviewed,Codex evaluation agent source review,Independent full source selection inspection; explicit physical wording and adjacent modifiers; artwork excluded. Unassessed subtype selections are not assigned.
gold-9f2d00753f134400,Storage Tower,Storage Tower,Three-Tier,,,accepted,reviewed,Codex independent construction gold reviewer,Three-tier explicitly names the physical storage tower construction.
gold-9f48d3064e9df546,Glass Art,Glass Art,Die-Cut,Glass; Tin,,accepted,reviewed,Codex evaluation agent source review,Independent full source selection inspection; explicit physical wording and adjacent modifiers; artwork excluded. Unassessed subtype selections are not assigned.
gold-a008bc769b15aeaf,Storage Cube,Storage Cube,,,,accepted,reviewed,Codex independent catalog reviewer,Source wording independently reviewed; physical noun and explicit modifiers
gold-a0122b0af5f8b3f8,Poster,Poster,,,,accepted,reviewed,Codex evaluation agent independent source review,"Independent full source inspection; physical wording reviewed, artwork does not establish material or type."
gold-a0585302166b1798,Wall Tile,Wall Tile,,Ceramic,,accepted,reviewed,Codex evaluation agent independent source review,"Independent full source inspection; physical wording reviewed, artwork does not establish material or type."
gold-a0ab9a73cbde1af5,Framed Shadowbox,Framed Shadowbox,Molded,PVC,,accepted,reviewed,Codex evaluation agent source review,Independent full source selection inspection; explicit physical wording and adjacent modifiers; artwork excluded. Unassessed subtype selections are not assigned.
gold-a117006e5ae8fce3,Relief Art,Relief Art,3D,,Adhesive,accepted,reviewed,Codex independent catalog reviewer,Independently reviewed source physical-wording group and complete semantic modifier contexts
gold-a181f22928e4d5b3,Wall Clock,Wall Clock,,Polypropylene,Foil,accepted,reviewed,Codex independent material gold reviewer,Single named product has explicit gold-foil or holofoil physical modifier.
gold-a18211a0d6441eb1,Wall Hook,Wall Hook,,Silicone,,accepted,reviewed,Codex independent catalog reviewer,Independent physical noun and all observed modifier groups reviewed; semantic suffix contexts and every underscore variant inspected; no reader predictions
gold-a1931ae3246ed742,Plaque,Plaque,,Aluminum,,accepted,reviewed,Codex independent material gold reviewer,Aluminum directly modifies the physical plaque; no alloy inferred.
gold-a1bb21bf06bb17c4,Pencil Cup,Pencil Cup,Die-Cut,Acrylic,,accepted,reviewed,Codex independent catalog reviewer,Independent physical noun and all observed modifier groups reviewed; semantic suffix contexts and every underscore variant inspected; no reader predictions
gold-a1ccd4c2de0a1bed,Art,Art,,PU Leather,,accepted,reviewed,Codex evaluation agent independent source review,"Independent full source inspection; physical wording reviewed, artwork does not establish material or type."
gold-a2f201aff243cc6a,Guitar Hook,Guitar Hook,,Wood,Stained,accepted,reviewed,Codex independent catalog reviewer,Independent physical noun and all observed modifier groups reviewed; semantic suffix contexts and every underscore variant inspected; no reader predictions
gold-a3b3a10eab361c96,Framed Art,Framed Art,Framed,Glass; Paper,Foil,accepted,reviewed,Codex evaluation agent source review,Independent full source selection inspection; explicit physical wording and adjacent modifiers; artwork excluded. Unassessed subtype selections are not assigned.
gold-a3f6e2d65a752080,Wall Art,Wall Art,Half-Circle; Woven,,,accepted,reviewed,Codex independent construction gold reviewer,Half-circle explicitly names wall-art shape; preserve stated woven construction.
gold-a4a73ab27d620aa4,Door Mat,Door Mat,,Crumb Rubber; Felt; Polypropylene,,accepted,reviewed,Codex primary implementer,Independent source wording group review and complete atypical attribute suffix review; no reader predictions. Mat placement never inferred; poly alone does not establish a specific polymer.
gold-a4ccae963fbaa569,Photo Frame,Photo Frame,Routed Edge,MDF,Glitter,accepted,reviewed,Codex evaluation agent source review,Independent full source selection inspection; explicit physical wording and adjacent modifiers; artwork excluded. Unassessed subtype selections are not assigned.
gold-a4cd7c500b14d16d,Watering Can,Watering Can,,Metal,,accepted,reviewed,Codex independent catalog reviewer,Independent physical noun and all observed modifier groups reviewed; semantic suffix contexts and every underscore variant inspected; no reader predictions
gold-a50d457192419f13,Perpetual Calendar,Perpetual Calendar,Block,MDF,Glitter,accepted,reviewed,Codex evaluation agent independent source review,"Independent full source inspection; physical wording reviewed, artwork does not establish material or type."
gold-a511410446971cc0,Framed Print,Framed Print,Framed,MDF,Soft Touch,accepted,reviewed,Codex evaluation agent source review,Independent full source selection inspection; explicit physical wording and adjacent modifiers; artwork excluded. Unassessed subtype selections are not assigned.
gold-a52cfc5443e0b9bc,Framed Shadowbox,Framed Shadowbox,Molded,,,accepted,reviewed,Codex evaluation agent source review,Independent full source selection inspection; explicit physical wording and adjacent modifiers; artwork excluded. Unassessed subtype selections are not assigned.
gold-a551665f2e6b92bd,Hanging Shoe Organizer,Hanging Shoe Organizer,Hanging,Fabric,,accepted,reviewed,Codex evaluation agent independent source review,"Independent full source inspection; physical wording reviewed, artwork does not establish material or type."
gold-a58a557dca4445e4,Canvas,Canvas,,Canvas,Gravel,accepted,reviewed,Codex independent catalog reviewer,Independently reviewed underscore product group; suffix semantic contexts checked; no reader predictions
gold-a5a2b0a302433648,Frame,Frame,,MDF,,accepted,reviewed,Codex independent catalog reviewer,Source wording independently reviewed; physical noun and explicit modifiers
gold-a683d5518dad4167,Framed Glass Shadowbox,Framed Glass Shadowbox,,Glass,Gel Coat,accepted,reviewed,Codex evaluation agent source review,Independent full source selection inspection; explicit physical wording and adjacent modifiers; artwork excluded. Unassessed subtype selections are not assigned.
gold-a6c87f60a8546f4f,Decorative Letter,Decorative Letter,Die-Cut,,,accepted,reviewed,Codex evaluation agent independent source review,"Independent full source inspection; physical wording reviewed, artwork does not establish material or type."
gold-a6fc00ffbea78825,Photo Frame,Photo Frame,Shaped,,,accepted,reviewed,Codex evaluation agent source review,Independent full source selection inspection; explicit physical wording and adjacent modifiers; artwork excluded. Unassessed subtype selections are not assigned.
gold-a700017c0f7f4b6f,Glass Art,Glass Art,,Glass; Linen,,accepted,reviewed,Codex evaluation agent source review,Independent full source selection inspection; explicit physical wording and adjacent modifiers; artwork excluded. Unassessed subtype selections are not assigned.
gold-a747f868bfdfbabe,Framed Print,Framed Print,Deckled Edge; Framed,Paper,Metallic,accepted,reviewed,Codex independent construction and treatment gold reviewer,Deckle edge is the same physical paper-edge construction elsewhere canonically labelled Deckled Edge.
gold-a75ca436c798c907,Framed Glass Art,Framed Glass Art,Framed,Glass,,accepted,reviewed,Codex evaluation agent source review,Independent full source selection inspection; explicit physical wording and adjacent modifiers; artwork excluded. Unassessed subtype selections are not assigned.
gold-a7c5225105b51dbc,Perpetual Calendar,Perpetual Calendar,,MDF,,accepted,reviewed,Codex evaluation agent source review,Independent full source selection inspection; explicit physical wording and adjacent modifiers; artwork excluded. Unassessed subtype selections are not assigned.
gold-a7faa3e99f02e74c,Plaque,Plaque,Reversible,MDF,,accepted,reviewed,Codex primary implementer,Source physical-wording and suffix-attribute groups independently inspected. Artwork nouns and material-looking substrings excluded; no MG codes or reader predictions.
gold-a8797b05becd3970,Corkboard,Corkboard,Die-Cut; Layered; Raised,Cork,,accepted,reviewed,Codex independent construction gold reviewer,The corkboard explicitly has a raised cork layer; preserve both layered and raised construction.
gold-a87e3ad95ca5378e,Sign,Sign,Framed,Glass,,accepted,reviewed,Codex independent material gold reviewer,"Glass explicitly names shadowbox, stained-glass artwork, or sign covering. Frame or framed explicitly describes physical wall art, sign, or mirror rather than artwork scene."
gold-a8e06b172786211a,Canvas,Canvas,,Canvas; Fabric,Attachment,accepted,reviewed,Codex independent catalog reviewer,Independently reviewed source physical-wording group and complete semantic modifier contexts
gold-a8f239c291a3b396,Wall Hook,Wall Hook,,,,accepted,reviewed,Codex independent catalog reviewer,Independent physical noun and all observed modifier groups reviewed; semantic suffix contexts and every underscore variant inspected; no reader predictions
gold-a8fdf290a95b67ee,Door Sign,Door Sign,Reversible,MDF,,accepted,reviewed,Codex primary implementer,Source physical-wording and suffix-attribute groups independently inspected. Artwork nouns and material-looking substrings excluded; no MG codes or reader predictions.
gold-a90d0c4b6cb87913,Photo Frame,Photo Frame,,,Glitter,accepted,reviewed,Codex evaluation agent source review,Independent full source selection inspection; explicit physical wording and adjacent modifiers; artwork excluded. Unassessed subtype selections are not assigned.
gold-a9312ab5ef9a44cb,Frame,Frame,Shaped,MDF,,accepted,reviewed,Codex independent construction gold reviewer,"The item sold is a routed shaped frame; Shaped is explicit, while Framed duplicates the frame product."
gold-a9593a446e18cb81,Trinket Tray,Trinket Tray,DIY,Ceramic,,accepted,reviewed,Codex independent catalog reviewer,Independent physical noun and all observed modifier groups reviewed; semantic suffix contexts and every underscore variant inspected; no reader predictions
gold-a98b8a9fb8b94592,Block,Block,Die-Cut; Rotating,MDF,,accepted,reviewed,Codex independent construction gold reviewer,"Physical source wording; dimensions, licensor, property, color and artwork excluded."
gold-a9fa39c3bddacf7a,Decorative Bow,Decorative Bow,Dimensional,Rattan,,accepted,reviewed,Codex independent catalog reviewer,Independently reviewed explicit physical wording; no inferred wall/tabletop form or material
gold-a9fd21c964c6abb4,Framed Shadowbox,Framed Shadowbox,Die-Cut; Framed,MDF,,accepted,reviewed,Codex evaluation agent source review,Independent full source selection inspection; explicit physical wording and adjacent modifiers; artwork excluded. Unassessed subtype selections are not assigned.
gold-aa626ac6445a220c,Plaque,Plaque,With Hooks,MDF,,accepted,reviewed,Codex independent physical-noun gold reviewer,Plaque is the physical head noun; hooks are an explicit attached construction.
gold-aa7fe64ba959f069,Framed Shadowbox,Framed Shadowbox,Framed; Molded,,Rhinestone,accepted,reviewed,Codex evaluation agent source review,Independent full source selection inspection; explicit physical wording and adjacent modifiers; artwork excluded. Unassessed subtype selections are not assigned.
gold-aab3ffbf90981b13,Mug,Mug,,Ceramic,Foil,accepted,reviewed,Codex independent catalog reviewer,Independent physical noun and all observed modifier groups reviewed; semantic suffix contexts and every underscore variant inspected; no reader predictions
gold-aae0fc9cb840ffc3,Framed Art,Framed Art,Deckled Edge; Framed; Matted,Paper,,accepted,reviewed,Codex evaluation agent source review,Independent full source selection inspection; explicit physical wording and adjacent modifiers; artwork excluded. Unassessed subtype selections are not assigned.
gold-aae7e097c009ffa7,Floor Mat,Floor Mat,,Memory Foam,,accepted,reviewed,Codex primary implementer,Independent source wording group review and complete atypical attribute suffix review; no reader predictions. Mat placement never inferred; poly alone does not establish a specific polymer.
gold-ab2f8ae951c06cb0,Framed Glass Shadowbox,Framed Glass Shadowbox,Framed; Raised,Glass,,accepted,reviewed,Codex evaluation agent source review,Independent full source selection inspection; explicit physical wording and adjacent modifiers; artwork excluded. Unassessed subtype selections are not assigned.
gold-ab3cffd02a45d297,Frame,Frame,Floating Frame,,,accepted,reviewed,Codex independent catalog reviewer,Source wording independently reviewed; physical noun and explicit modifiers
gold-ab413f8cf1dba20b,Print,Print,,MDF,Spot Varnish,accepted,reviewed,Codex independent catalog reviewer,Source wording independently reviewed; physical noun and explicit modifiers
gold-ab9ebd44dfd8595d,MDF Box,MDF Box,,MDF,Gel Coat,accepted,reviewed,Codex evaluation agent source review,Independent full source selection inspection; explicit physical wording and adjacent modifiers; artwork excluded. Unassessed subtype selections are not assigned.
gold-abb59bd39ebcb255,Door Mat,Door Mat,,Coir,,accepted,reviewed,Codex primary implementer,Independent source wording group review and complete atypical attribute suffix review; no reader predictions. Mat placement never inferred; poly alone does not establish a specific polymer.
gold-abc41fd389f9dc02,Framed Glass Shadowbox,Framed Glass Shadowbox,,Glass; Paper,,accepted,reviewed,Codex evaluation agent source review,Independent full source selection inspection; explicit physical wording and adjacent modifiers; artwork excluded. Unassessed subtype selections are not assigned.
gold-abf47a14badccb56,Framed Art,Framed Art,Framed; Raised; Setback,,,accepted,reviewed,Codex evaluation agent source review,Independent full source selection inspection; explicit physical wording and adjacent modifiers; artwork excluded. Unassessed subtype selections are not assigned.
gold-abfb1dd1ade3550a,Canvas,Canvas,,Canvas,Glitter; Gravel,accepted,reviewed,Codex independent catalog reviewer,Independently reviewed underscore product group; suffix semantic contexts checked; no reader predictions
gold-ac1af4183f2e8b4e,Storage Bin,Storage Bin,Rope,Canvas; Cotton,,accepted,reviewed,Codex evaluation agent source review,Independent full source selection inspection; explicit physical wording and adjacent modifiers; artwork excluded. Unassessed subtype selections are not assigned.
gold-ac6661fe7ebd476f,Watering Can,Watering Can,,,,accepted,reviewed,Codex independent catalog reviewer,Independent physical noun and all observed modifier groups reviewed; semantic suffix contexts and every underscore variant inspected; no reader predictions
gold-ac841718c0456efb,Planter,Planter,,Ceramic,,accepted,reviewed,Codex independent catalog reviewer,Independent physical noun and all observed modifier groups reviewed; semantic suffix contexts and every underscore variant inspected; no reader predictions
gold-acbfc2d478f71cae,Storage Hamper,Storage Hamper,,Polyester,,accepted,reviewed,Codex evaluation agent source review,Independent full source selection inspection; explicit physical wording and adjacent modifiers; artwork excluded. Unassessed subtype selections are not assigned.
gold-ad267fc6f2c52401,Canvas,Canvas,,Canvas,Glitter,accepted,reviewed,Codex independent catalog reviewer,Independent source phrase grouping; all156 semantic suffix patterns reviewed with up to3 contexts each; restricted direct modifier syntax; no reader predictions
gold-ad7eb6e2b5ee03d3,Framed Fabric Art,Framed Fabric Art,Framed; Frayed,Linen,,accepted,reviewed,Codex independent catalog reviewer,Physical wording and modifiers independently reviewed against source
gold-adc237361ac68357,Growth Chart,Growth Chart,,,,accepted,reviewed,Codex independent catalog reviewer,"All selected source descriptions individually inspected; full product wording and suffix reviewed; independent semantic labels, not reader predictions"
gold-adf6a70ed7c23750,Framed Canvas,Framed Canvas,Floating Frame,Canvas,Metallic,accepted,reviewed,Codex independent catalog reviewer,Independently reviewed source physical-wording group and complete semantic modifier contexts
gold-ae7067626be0e694,Tall Sign,Tall Sign,Reversible,MDF,,accepted,reviewed,Codex primary implementer,Source physical-wording and suffix-attribute groups independently inspected. Artwork nouns and material-looking substrings excluded; no MG codes or reader predictions.
gold-aebf5ecb366ed570,Canvas,Canvas,,Canvas; Metal,Attachment,accepted,reviewed,Codex independent catalog reviewer,Independently reviewed source physical-wording group and complete semantic modifier contexts
gold-afc7efc3d286c190,Desktop Organizer,Desktop Organizer,,,,accepted,reviewed,Codex independent product-type gold reviewer,"Desk or desktop organizer is explicit; stationery use is not. Licensor, property, style name, compartment count, and accessories do not narrow the product type."
gold-afef65f839285a2f,Tapestry,Tapestry,Hanging,,,accepted,reviewed,Codex independent catalog reviewer,Independently reviewed source physical-wording group and complete semantic modifier contexts
gold-aff0138c8402fb5c,Canvas Tapestry,Canvas Tapestry,,Canvas; Wood,,accepted,reviewed,Codex independent catalog reviewer,Independently reviewed underscore product group; suffix semantic contexts checked; no reader predictions
gold-b03dd9b966c6a957,Block,Block,Die-Cut,,,accepted,reviewed,Codex independent catalog reviewer,Source wording independently reviewed; physical noun and explicit modifiers
gold-b082d0b09f70554f,Stepping Stone,Stepping Stone,DIY,Concrete,,accepted,reviewed,Codex independent catalog reviewer,Independent physical noun and all observed modifier groups reviewed; semantic suffix contexts and every underscore variant inspected; no reader predictions
gold-b0d248805a832eff,Mat,Mat,,Rubber,,accepted,reviewed,Codex independent catalog reviewer,Source wording independently reviewed; physical noun and explicit modifiers
gold-b16afa635ebe4470,Framed Print,Framed Print,Framed,MDF; Paper,,accepted,reviewed,Codex evaluation agent source review,Independent full source selection inspection; explicit physical wording and adjacent modifiers; artwork excluded. Unassessed subtype selections are not assigned.
gold-b21498f1f86e23f5,Framed Art,Framed Art,Flush Mount; Framed,,High Gloss,accepted,reviewed,Codex evaluation agent source review,Independent full source selection inspection; explicit physical wording and adjacent modifiers; artwork excluded. Unassessed subtype selections are not assigned.
gold-b25bc28cb66f6ece,Mat,Mat,,Crumb Rubber,,accepted,reviewed,Codex primary implementer,Independent source wording group review and complete atypical attribute suffix review; no reader predictions. Mat placement never inferred; poly alone does not establish a specific polymer.
gold-b2bda032b306a80f,Photo Frame,Photo Frame,,MDF,,accepted,reviewed,Codex independent catalog reviewer,Source wording independently reviewed; physical noun and explicit modifiers
gold-b2eb6d898b2305c3,Photo Frame,Photo Frame,Die-Cut Attachment,MDF,Attachment,accepted,reviewed,Codex independent catalog reviewer,"Die-cut qualifies the separate attachment, not the frame body."
gold-b323a82186377a6c,Phone Stand,Phone Stand,Die-Cut,MDF,,accepted,reviewed,Codex independent catalog reviewer,Independent physical noun and all observed modifier groups reviewed; semantic suffix contexts and every underscore variant inspected; no reader predictions
gold-b3489cc1d6197e9e,Tabletop Block,Tabletop Block,,MDF,,accepted,reviewed,Codex evaluation agent independent source review,"Independent full source inspection; physical wording reviewed, artwork does not establish material or type."
gold-b3793df33a9b741c,Door Hanger,Door Hanger,Reversible,,,accepted,reviewed,Codex independent catalog reviewer,Independent physical noun and all observed modifier groups reviewed; semantic suffix contexts and every underscore variant inspected; no reader predictions
gold-b42c7dcf4e775657,Magnet Board,Magnet Board,,,,accepted,reviewed,Codex evaluation agent independent source review,"Independent full source inspection; physical wording reviewed, artwork does not establish material or type."
gold-b4b587ef2ac3a0bf,Storage Chest,Storage Chest,,Poly-Linen,,accepted,reviewed,Codex independent catalog reviewer,Source wording independently reviewed; physical noun and explicit modifiers
gold-b4cf1aa094045dad,Storage Hamper,Storage Hamper,Rectangular,Fabric; Greyboard,,accepted,reviewed,Codex evaluation agent source review,Independent full source selection inspection; explicit physical wording and adjacent modifiers; artwork excluded. Unassessed subtype selections are not assigned.
gold-b4d77cd496b322be,Framed Canvas,Framed Canvas,Framed,Acrylic; Canvas,,accepted,reviewed,Codex independent catalog reviewer,Independently reviewed underscore product group; suffix semantic contexts checked; no reader predictions
gold-b59303e11948ec6b,Wall Plaque,Wall Plaque,,MDF,,accepted,reviewed,Codex primary implementer,Source physical-wording and suffix-attribute groups independently inspected. Artwork nouns and material-looking substrings excluded; no MG codes or reader predictions.
gold-b6090d1c7fced93b,Shelf,Shelf,Die-Cut,MDF,,accepted,reviewed,Codex independent catalog reviewer,Independent physical noun and all observed modifier groups reviewed; semantic suffix contexts and every underscore variant inspected; no reader predictions
gold-b68a3f9f2fc9f251,Framed Canvas,Framed Canvas,Floating Frame,Canvas,Metallic; Puff Paint,accepted,reviewed,Codex independent catalog reviewer,Independently reviewed source physical-wording group and complete semantic modifier contexts
gold-b6a84049afd29fe0,Glass Art,Glass Art,,Glass,Handpaint,accepted,reviewed,Codex evaluation agent source review,Independent full source selection inspection; explicit physical wording and adjacent modifiers; artwork excluded. Unassessed subtype selections are not assigned.
gold-b7b2ed6028a48a0c,Cast Frame,Cast Frame,Die-Cut,MDF,,accepted,reviewed,Codex independent material gold reviewer,"Die-cut explicitly modifies physical cast frame, infinity-art frame, neon box, or tin sign; negated no-diecut rows excluded."
gold-b7da1f17057158ba,Storage Chest,Storage Chest,Flat-Domed,,,accepted,reviewed,Codex independent construction gold reviewer,Flat directly qualifies domed chest construction; preserve the stated compound rather than generic Domed.
gold-b805e78e5e6ed778,Writing Desk,Writing Desk,,,,accepted,reviewed,Codex evaluation agent independent full source review,Explicit source product wording; assortment/sample words do not erase product evidence.
gold-b8c0cc9ea2414420,Frame,Frame,Laser-Cut; Layered,MDF,,accepted,reviewed,Codex independent catalog reviewer,Source wording independently reviewed; physical noun and explicit modifiers
gold-b8d11d05784f88f4,Frame,Frame,Floating Frame,,Foil,accepted,reviewed,Codex independent catalog reviewer,Source wording independently reviewed; physical noun and explicit modifiers
gold-b8d57c86e6fc0223,Shelf,Shelf,Die-Cut,,,accepted,reviewed,Codex evaluation agent independent source review,"Independent full source inspection; physical wording reviewed, artwork does not establish material or type."
gold-b922e126f25dfc0e,Wall Art,Wall Art,Framed,MDF; Steel,,accepted,reviewed,Codex independent catalog reviewer,Source wording independently reviewed; physical noun and explicit modifiers
gold-b98b732ac4e1164e,Storage Hamper,Storage Hamper,Round,Greyboard; Poly-Cotton,,accepted,reviewed,Codex evaluation agent source review,Independent full source selection inspection; explicit physical wording and adjacent modifiers; artwork excluded. Unassessed subtype selections are not assigned.
gold-b9b4e2350cadd8e9,Framed Canvas,Framed Canvas,Floating Frame,Canvas; Chenille; Faux Leather,,accepted,reviewed,Codex independent material gold reviewer,Explicit with chenille and faux leather clause
gold-ba0245da52a1296e,Banner,Banner,Hanging,Canvas,,accepted,reviewed,Codex independent catalog reviewer,Independently reviewed source physical-wording group and complete semantic modifier contexts
gold-ba130082c46e8ed4,Framed Art,Framed Art,Framed; Matted,Glass,,accepted,reviewed,Codex evaluation agent source review,Independent full source selection inspection; explicit physical wording and adjacent modifiers; artwork excluded. Unassessed subtype selections are not assigned.
gold-ba1c25f58234e972,MDF Box,MDF Box,,MDF,Engraved,accepted,reviewed,Codex evaluation agent source review,Independent full source selection inspection; explicit physical wording and adjacent modifiers; artwork excluded. Unassessed subtype selections are not assigned.
gold-ba3c52f5905de250,MDF Box,MDF Box,,MDF,Foil; Glitter,accepted,reviewed,Codex evaluation agent source review,Independent full source selection inspection; explicit physical wording and adjacent modifiers; artwork excluded. Unassessed subtype selections are not assigned.
gold-ba62d726eec1659b,Canvas,Canvas,Stretched,Canvas,Glitter,accepted,reviewed,Codex independent catalog reviewer,Independently reviewed underscore product group; suffix semantic contexts checked; no reader predictions
gold-ba67f2383413905d,Hanging Poster,Hanging Poster,Hanging,,,accepted,reviewed,Codex independent catalog reviewer,Independently reviewed source physical-wording group and complete semantic modifier contexts
gold-ba7299ab91916441,Frame,Frame,Die-Cut; Shaped,MDF,,accepted,reviewed,Codex independent catalog reviewer,Source wording independently reviewed; physical noun and explicit modifiers
gold-ba92043b76b1753e,Storage Bin,Storage Bin,,Canvas; EVA,,accepted,reviewed,Codex independent catalog reviewer,Independently reviewed source physical-wording group and complete semantic modifier contexts
gold-baf6880eba538d14,Hook,Hook,Set,MDF,,accepted,reviewed,Codex independent construction gold reviewer,"An explicit multi-piece/set count describes the physical products, not artwork."
gold-bb0b7cf13b6f980d,Canvas,Canvas,,Canvas,Embossed,accepted,reviewed,Codex independent catalog reviewer,Independent source phrase grouping; all156 semantic suffix patterns reviewed with up to3 contexts each; restricted direct modifier syntax; no reader predictions
gold-bb22f09055abb25f,Storage Hamper,Storage Hamper,Oval,Felt,,accepted,reviewed,Codex evaluation agent source review,Independent full source selection inspection; explicit physical wording and adjacent modifiers; artwork excluded. Unassessed subtype selections are not assigned.
gold-bb342c07f8bda8a6,Garden Kneeler,Garden Kneeler,,,,accepted,reviewed,Codex independent catalog reviewer,Independent physical noun and all observed modifier groups reviewed; semantic suffix contexts and every underscore variant inspected; no reader predictions
gold-bb8a752bcde93cbf,Corkboard,Corkboard,Die-Cut; Framed,Cork,,accepted,reviewed,Codex independent catalog reviewer,Independent physical noun and all observed modifier groups reviewed; semantic suffix contexts and every underscore variant inspected; no reader predictions
gold-bb9412423622b98d,Framed Canvas,Framed Canvas,Framed,Canvas,Glitter,accepted,reviewed,Codex independent catalog reviewer,Independently reviewed underscore product group; suffix semantic contexts checked; no reader predictions
gold-bba031ad3ce69954,Framed Art,Framed Art,Framed,Paper,,accepted,reviewed,Codex evaluation agent source review,Independent full source selection inspection; explicit physical wording and adjacent modifiers; artwork excluded. Unassessed subtype selections are not assigned.
gold-bc8ca12a6690a1c3,Tall Sign,Tall Sign,Die-Cut,MDF,,accepted,reviewed,Codex primary implementer,Source physical-wording and suffix-attribute groups independently inspected. Artwork nouns and material-looking substrings excluded; no MG codes or reader predictions.
gold-bcd21921a11e638b,Plaque,Plaque,Die-Cut; Shaped,Acrylic,LED,accepted,reviewed,Codex primary implementer,Source physical-wording and suffix-attribute groups independently inspected. Artwork nouns and material-looking substrings excluded; no MG codes or reader predictions.
gold-bd062421a8e2cf04,Framed Glass Shadowbox,Framed Glass Shadowbox,,Glass,Glitter,accepted,reviewed,Codex evaluation agent source review,Independent full source selection inspection; explicit physical wording and adjacent modifiers; artwork excluded. Unassessed subtype selections are not assigned.
gold-bd45b00bdc0a025a,Framed Glass Shadowbox,Framed Glass Shadowbox,Framed,Glass; Paper,Glitter,accepted,reviewed,Codex evaluation agent source review,Independent full source selection inspection; explicit physical wording and adjacent modifiers; artwork excluded. Unassessed subtype selections are not assigned.
gold-bd7be71b9831e653,Storage Ottoman,Storage Ottoman,,,,accepted,reviewed,Codex evaluation agent independent full source review,Explicit source product wording; assortment/sample words do not erase product evidence.
gold-be31ae49312b21f9,Storage Bin,Storage Bin,Tapered,,Foil,accepted,reviewed,Codex evaluation agent source review,Independent full source selection inspection; explicit physical wording and adjacent modifiers; artwork excluded. Unassessed subtype selections are not assigned.
gold-be431789c41730bc,Storage Basket,Storage Basket,Plush; Rope,Cotton; Plush,,accepted,reviewed,Codex independent material gold reviewer,"The cotton rope basket explicitly has a plush attached component and plush ears; rope is form, not a separate fiber."
gold-be6df232f51340d8,Tall Sign,Tall Sign,Reversible,MDF,LED,accepted,reviewed,Codex primary implementer,Source physical-wording and suffix-attribute groups independently inspected. Artwork nouns and material-looking substrings excluded; no MG codes or reader predictions.
gold-bed419c0c0d3c662,MDF Box,MDF Box,,Acrylic; MDF,Attachment,accepted,reviewed,Codex independent treatment gold reviewer,Source explicitly names an attached physical ornament/component of the named product.
gold-bf249921a0a5f8e7,Tray,Tray,,,,accepted,reviewed,Codex independent catalog reviewer,Independent physical noun and all observed modifier groups reviewed; semantic suffix contexts and every underscore variant inspected; no reader predictions
gold-bf31a6fe5fe00c47,Kitchen Mat,Kitchen Mat,Anti-Fatigue,,,accepted,reviewed,Codex primary implementer,Independent source wording group review and complete atypical attribute suffix review; no reader predictions. Mat placement never inferred; poly alone does not establish a specific polymer.
gold-bfe7df00dc321797,Door Mat,Door Mat,Shaped,Coir,,accepted,reviewed,Codex primary implementer,Independent source wording group review and complete atypical attribute suffix review; no reader predictions. Mat placement never inferred; poly alone does not establish a specific polymer.
gold-bffce5aed03818e1,Sign,Sign,Die-Cut; Layered,MDF,Sequins,accepted,reviewed,Codex primary implementer,Source physical-wording and suffix-attribute groups independently inspected. Artwork nouns and material-looking substrings excluded; no MG codes or reader predictions.
gold-c004a931375140a3,Plaque,Plaque,,MDF; Paper,,accepted,reviewed,Codex primary implementer,Source physical-wording and suffix-attribute groups independently inspected. Artwork nouns and material-looking substrings excluded; no MG codes or reader predictions.
gold-c005002f8b145bbb,Desktop Organizer,Desktop Organizer,Spinning,MDF,,accepted,reviewed,Codex independent product-type gold reviewer,"Desk or desktop organizer is explicit; stationery use is not. Licensor, property, style name, compartment count, and accessories do not narrow the product type."
gold-c0477b7c75837058,Jewelry Box,Jewelry Box,,,,accepted,reviewed,Codex evaluation agent independent full source review,Explicit source product wording; assortment/sample words do not erase product evidence.
gold-c048a4b23f35863e,Canvas,Canvas,,Canvas,Glitter; Gravel; Handpaint,accepted,reviewed,Codex independent catalog reviewer,Independently reviewed underscore product group; suffix semantic contexts checked; no reader predictions
gold-c0b648c7f09d952a,Pencil Cup,Pencil Cup,Figural,Resin,,accepted,reviewed,Codex independent catalog reviewer,Independent physical noun and all observed modifier groups reviewed; semantic suffix contexts and every underscore variant inspected; no reader predictions
gold-c0c8f05ed1cc52e4,Alarm Clock,Alarm Clock,,Plastic,,accepted,reviewed,Codex independent catalog reviewer,Independently reviewed source physical-wording group and complete semantic modifier contexts
gold-c0f3bef13d0a4695,Plaque,Plaque,Die-Cut Attachment,MDF,,accepted,reviewed,Codex primary implementer,Individual source description reviewed; only stated physical nouns and attributes retained; artwork and dimensions ignored.
gold-c10b857fb7c8aa55,Art,Art,,Leather,,accepted,reviewed,Codex independent catalog reviewer,Source wording independently reviewed; physical noun and explicit modifiers
gold-c11a944105a12d00,Wall Art,Wall Art,Layered,Glass,,accepted,reviewed,Codex independent catalog reviewer,Source wording independently reviewed; physical noun and explicit modifiers
gold-c1c176335fb8f849,Photo Frame,Photo Frame,Die-Cut; Shaped,MDF,,accepted,reviewed,Codex evaluation agent source review,Independent full source selection inspection; explicit physical wording and adjacent modifiers; artwork excluded. Unassessed subtype selections are not assigned.
gold-c261a993ca78abcb,Pencil Cup,Pencil Cup,Figural,Ceramic,,accepted,reviewed,Codex independent catalog reviewer,Independent physical noun and all observed modifier groups reviewed; semantic suffix contexts and every underscore variant inspected; no reader predictions
gold-c29a241677cb7797,Framed Art,Framed Art,Framed,,Gel Coat,accepted,reviewed,Codex evaluation agent source review,Independent full source selection inspection; explicit physical wording and adjacent modifiers; artwork excluded. Unassessed subtype selections are not assigned.
gold-c2b8454dc4826e41,Canvas,Canvas,Stretched,Canvas,,accepted,reviewed,Codex independent catalog reviewer,Independent source phrase grouping; all156 semantic suffix patterns reviewed with up to3 contexts each; restricted direct modifier syntax; no reader predictions
gold-c30941062930ee06,Wall Clock,Wall Clock,,MDF,,accepted,reviewed,Codex evaluation agent independent source review,Source wording independently inspected; product nouns explicit; artwork/size/color excluded; only stated materials and treatments retained.
gold-c34524f434204bd4,Banner,Banner,Fishtail; Hanging,Faux Suede,,accepted,reviewed,Codex independent catalog reviewer,Independently reviewed source physical-wording group and complete semantic modifier contexts
gold-c37a8f5e5d23dbbe,Framed Shadowbox,Framed Shadowbox,Die-Cut; Framed,Paper,,accepted,reviewed,Codex evaluation agent source review,Independent full source selection inspection; explicit physical wording and adjacent modifiers; artwork excluded. Unassessed subtype selections are not assigned.
gold-c382162c33aa5372,Alarm Clock,Alarm Clock,,,,accepted,reviewed,Codex independent catalog reviewer,Independently reviewed source physical-wording group and complete semantic modifier contexts
gold-c3ce5f939a18bf93,Storage Chest,Storage Chest,Domed,Greyboard,,accepted,reviewed,Codex evaluation agent source review,Independent full source selection inspection; explicit physical wording and adjacent modifiers; artwork excluded. Unassessed subtype selections are not assigned.
gold-c3f2b4c4de84b0b0,LED Infinity Art,LED Infinity Art,,,LED,accepted,reviewed,Codex independent catalog reviewer,Independent physical noun and all observed modifier groups reviewed; semantic suffix contexts and every underscore variant inspected; no reader predictions
gold-c510beef02709d83,Decorative Flag,Decorative Flag,,Wood,,accepted,reviewed,Codex evaluation agent independent source review,"Independent full source inspection; physical wording reviewed, artwork does not establish material or type."
gold-c55c99266fd67a52,MDF Box,MDF Box,Die-Cut,MDF,,accepted,reviewed,Codex evaluation agent source review,Independent full source selection inspection; explicit physical wording and adjacent modifiers; artwork excluded. Unassessed subtype selections are not assigned.
gold-c5d5eb9dc95b62e3,Storage Caddy,Storage Caddy,,Felt,,accepted,reviewed,Codex independent catalog reviewer,Source wording independently reviewed; physical noun and explicit modifiers
gold-c5d742771945cc6d,Framed Canvas,Framed Canvas,Floating Frame,Canvas,Foil; Gravel; Handpaint,accepted,reviewed,Codex independent catalog reviewer,Independently reviewed underscore product group; suffix semantic contexts checked; no reader predictions
gold-c5ed5b8347216e07,Framed Canvas,Framed Canvas,Floating Frame,Canvas,Gold Leaf,accepted,reviewed,Codex independent catalog reviewer,Independently reviewed underscore product group; suffix semantic contexts checked; no reader predictions
gold-c6328dac4d984e33,Canvas,Canvas,,Canvas; Metal,,accepted,reviewed,Codex independent catalog reviewer,"Metal logo is inside 3D-rendered artwork clause, not an explicitly attached metal component; Attachment is inferred."
gold-c63424c4444ade56,Framed Shadowbox,Framed Shadowbox,Die-Cut,,,accepted,reviewed,Codex evaluation agent source review,Independent full source selection inspection; explicit physical wording and adjacent modifiers; artwork excluded. Unassessed subtype selections are not assigned.
gold-c65aefce0643f9cf,Canvas,Canvas,,Canvas,LED,accepted,reviewed,Codex independent catalog reviewer,Independent source phrase grouping; all156 semantic suffix patterns reviewed with up to3 contexts each; restricted direct modifier syntax; no reader predictions
gold-c6835b94ea0394e5,Framed Canvas,Framed Canvas,Framed,Canvas,Foil,accepted,reviewed,Codex independent catalog reviewer,Independent source phrase grouping; all156 semantic suffix patterns reviewed with up to3 contexts each; restricted direct modifier syntax; no reader predictions
gold-c690ff7ab9a4888f,Framed Glass Shadowbox,Framed Glass Shadowbox,Framed; Fringed,Glass; Paper,,accepted,reviewed,Codex evaluation agent source review,Independent full source selection inspection; explicit physical wording and adjacent modifiers; artwork excluded. Unassessed subtype selections are not assigned.
gold-c6bdc0b7d45d1791,Block,Block,,Ceramic,Embossed,accepted,reviewed,Codex independent construction gold reviewer,"Physical source wording; dimensions, licensor, property, color and artwork excluded."
gold-c6c2eb6b57d36d27,Garden Tool Set,Garden Tool Set,,,,accepted,reviewed,Codex independent catalog reviewer,Independent physical noun and all observed modifier groups reviewed; semantic suffix contexts and every underscore variant inspected; no reader predictions
gold-c6f0bc991afb6afa,Door Hanger,Door Hanger,Die-Cut; Shaped,MDF,,accepted,reviewed,Codex independent construction and treatment gold reviewer,Die-cut shaped explicitly states both construction features of the door hanger.
gold-c769bd933ba783c3,Relief Wall Art,Relief Wall Art,,Wood,,accepted,reviewed,Codex evaluation agent source review,Independent full source selection inspection; explicit physical wording and adjacent modifiers; artwork excluded. Unassessed subtype selections are not assigned.
gold-c89ed4a45e9cf036,Block,Block,,MDF,Foil,accepted,reviewed,Codex independent construction gold reviewer,"Physical source wording; dimensions, licensor, property, color and artwork excluded."
gold-c8ae75c883930b72,Framed Glass Shadowbox,Framed Glass Shadowbox,,Glass,Diamond Dust; Glitter,accepted,reviewed,Codex evaluation agent source review,Independent full source selection inspection; explicit physical wording and adjacent modifiers; artwork excluded. Unassessed subtype selections are not assigned.
gold-c95f3f322b0d4d27,Framed Canvas,Framed Canvas,Framed,Canvas,LED,accepted,reviewed,Codex independent catalog reviewer,Independent source phrase grouping; all156 semantic suffix patterns reviewed with up to3 contexts each; restricted direct modifier syntax; no reader predictions
gold-c9678f6e37b638f5,Framed Fabric Art,Framed Fabric Art,Framed; Frayed,Burlap; Glass,,accepted,reviewed,Codex independent catalog reviewer,Physical wording and modifiers independently reviewed against source
gold-c9b794df51d0d310,Garden Thermometer,Garden Thermometer,,,,accepted,reviewed,Codex independent catalog reviewer,Independent physical noun and all observed modifier groups reviewed; semantic suffix contexts and every underscore variant inspected; no reader predictions
gold-ca1c44ffca70b658,Folding Frame,Folding Frame,Folding,,,accepted,reviewed,Codex independent catalog reviewer,"All selected source descriptions individually inspected; full product wording and suffix reviewed; independent semantic labels, not reader predictions"
gold-ca56627a652bc01a,Block,Block,,MDF,,accepted,reviewed,Codex independent construction gold reviewer,"Physical source wording; dimensions, licensor, property, color and artwork excluded."
gold-ca62bd3c4e877bf3,Framed Canvas,Framed Canvas,Floating Frame,Canvas,Gel Coat; Handpaint,accepted,reviewed,Codex independent catalog reviewer,Independently reviewed underscore product group; suffix semantic contexts checked; no reader predictions
gold-ca79db84055bfc22,Wall Shelf,Wall Shelf,,PE Rattan,,accepted,reviewed,Codex independent catalog reviewer,Independent physical noun and all observed modifier groups reviewed; semantic suffix contexts and every underscore variant inspected; no reader predictions
gold-cb0c09b9645f386a,Lap Desk,Lap Desk,,,,accepted,reviewed,Codex evaluation agent independent source review,Source wording independently inspected; product nouns explicit; artwork/size/color excluded; only stated materials and treatments retained.
gold-cb423d0ef5c4bffd,Art,Art,,Suede,,accepted,reviewed,Codex evaluation agent independent source review,"Independent full source inspection; physical wording reviewed, artwork does not establish material or type."
gold-cb45c222e3471917,Framed Lenticular Art,Framed Lenticular Art,Framed,,,accepted,reviewed,Codex evaluation agent source review,Independent full source selection inspection; explicit physical wording and adjacent modifiers; artwork excluded. Unassessed subtype selections are not assigned.
gold-cc5134e810ee6ae3,Storage Bin,Storage Bin,Rope; Shaped,Paper,,accepted,reviewed,Codex evaluation agent source review,Independent full source selection inspection; explicit physical wording and adjacent modifiers; artwork excluded. Unassessed subtype selections are not assigned.
gold-cc62ef44090fc883,Tabletop Block,Tabletop Block,Die-Cut,Ceramic,,accepted,reviewed,Codex evaluation agent source review,Independent full source selection inspection; explicit physical wording and adjacent modifiers; artwork excluded. Unassessed subtype selections are not assigned.
gold-cc739e8916d06dfa,Storage Toy Chest,Storage Toy Chest,,,,accepted,reviewed,Codex evaluation agent source review,Independent full source selection inspection; explicit physical wording and adjacent modifiers; artwork excluded. Unassessed subtype selections are not assigned.
gold-cccba795c4af35e5,Desktop Organizer,Desktop Organizer,,Fabric,Screenprint,accepted,reviewed,Codex evaluation agent independent source review,"Independent full source inspection; physical wording reviewed, artwork does not establish material or type."
gold-cd1dbbd72590f2dc,Decorative Word,Decorative Word,,MDF; Velvet; Wire,,accepted,reviewed,Codex independent material gold reviewer,"Wire word names a physical word made from wire, mounted on the explicitly stated MDF substrate. Wire is a literal material form with unspecified composition; no metal alloy is inferred. Preserve separately stated existing materials and other fields."
gold-cddd0bafd3219ea3,Shape,Shape,Laser-Cut,MDF,,accepted,reviewed,Codex independent partition one source reviewer,MDF shape is physical noun; decorative function is not stated.
gold-ce0ebcd3111017a8,Frame,Frame,Floating Frame,,Handpaint,accepted,reviewed,Codex independent catalog reviewer,Source wording independently reviewed; physical noun and explicit modifiers
gold-ce8e1ecaa9b03a5c,Mat,Mat,,Coir,,accepted,reviewed,Codex primary implementer,Independent source wording group review and complete atypical attribute suffix review; no reader predictions. Mat placement never inferred; poly alone does not establish a specific polymer.
gold-ceb9e80df8c7b6ee,Canvas,Canvas,,Canvas; Fabric,,accepted,reviewed,Codex independent catalog reviewer,Layered fabric follows artwork identity without explicit attachment or physical component relationship; cannot infer Attachment treatment. Preserve other independently reviewed attributes.
gold-ceccb927b8739dea,Framed Glass Shadowbox,Framed Glass Shadowbox,Layered,Glass,,accepted,reviewed,Codex evaluation agent source review,Independent full source selection inspection; explicit physical wording and adjacent modifiers; artwork excluded. Unassessed subtype selections are not assigned.
gold-cf266790eddbd591,Block,Block,Shaped,MDF,Screenprint,accepted,reviewed,Codex independent construction gold reviewer,"Physical source wording; dimensions, licensor, property, color and artwork excluded."
gold-cf61f5c0c0a1e8ba,Canvas,Canvas,Frame,Canvas,,accepted,reviewed,Codex independent catalog reviewer,Independently reviewed source physical-wording group and complete semantic modifier contexts
gold-cf877dd562e7fb4e,Framed Print,Framed Print,Framed,MDF,Gel Coat,accepted,reviewed,Codex evaluation agent source review,Independent full source selection inspection; explicit physical wording and adjacent modifiers; artwork excluded. Unassessed subtype selections are not assigned.
gold-cfb801ad007919b3,Frame,Frame,Floating Frame,Faux Leather,Screenprint,accepted,reviewed,Codex independent frame-print gold reviewer,Source names a frame; printing can be only its surface process or included component.
gold-cfff65cc04040e72,Floating Character Box,Floating Character Box,Floating,MDF,,accepted,reviewed,Codex evaluation agent source review,Independent full source selection inspection; explicit physical wording and adjacent modifiers; artwork excluded. Unassessed subtype selections are not assigned. Source class correction: explicit Oxford means Fabric; floating character physical form and floating frame vocabulary retained.
gold-d05529e5d6e3bd22,Hard Storage Box,Hard Storage Box,,Greyboard,Foil; Glitter; Glow in the Dark,accepted,reviewed,Codex evaluation agent source review,Independent full source selection inspection; explicit physical wording and adjacent modifiers; artwork excluded. Unassessed subtype selections are not assigned.
gold-d10766ade3099c34,Wall Scroll,Wall Scroll,Linen-Weave,,,accepted,reviewed,Codex independent catalog reviewer,Independently reviewed source physical-wording group and complete semantic modifier contexts
gold-d150e40d35ec0a55,Tile,Tile,,Ceramic,,accepted,reviewed,Codex evaluation agent independent full source review,Explicit source product wording; assortment/sample words do not erase product evidence.
gold-d153993f9e6c611f,Glass Art,Glass Art,,Glass,Foil,accepted,reviewed,Codex evaluation agent source review,Independent full source selection inspection; explicit physical wording and adjacent modifiers; artwork excluded. Unassessed subtype selections are not assigned.
gold-d1ef96ac294de4c6,Canvas,Canvas,,Canvas,Crystal Gravel; High Gloss,accepted,reviewed,Codex independent catalog reviewer,Independently reviewed source physical-wording group and complete semantic modifier contexts
gold-d22048033befbf13,Lap Desk,Lap Desk,,Plastic,,accepted,reviewed,Codex evaluation agent independent source review,Source wording independently inspected; product nouns explicit; artwork/size/color excluded; only stated materials and treatments retained.
gold-d23ed2fd2c5f42d5,Plaque,Plaque,,MDF; Paper,Metallic,accepted,reviewed,Codex primary implementer,Source physical-wording and suffix-attribute groups independently inspected. Artwork nouns and material-looking substrings excluded; no MG codes or reader predictions.
gold-d25cc2483ee6b070,Hard Storage Box,Hard Storage Box,Die-Cut; Flip-Top,Greyboard,,accepted,reviewed,Codex evaluation agent source review,Independent full source selection inspection; explicit physical wording and adjacent modifiers; artwork excluded. Unassessed subtype selections are not assigned.
gold-d2fee72e634ea9fa,Storage Chest,Storage Chest,Flat-Domed,Greyboard,,accepted,reviewed,Codex independent mixed-product gold reviewer,Same named physical product across assortment; variable finish omitted.
gold-d3033927d1a6d977,Framed Print,Framed Print,Framed,PU,Metallic,accepted,reviewed,Codex independent catalog reviewer,Physical wording and modifiers independently reviewed against source
gold-d30d8d590d1768cc,Mat,Mat,,Coir,Debossed; Glitter,accepted,reviewed,Codex primary implementer,Independent source wording group review and complete atypical attribute suffix review; no reader predictions. Mat placement never inferred; poly alone does not establish a specific polymer.
gold-d3e71c28b8d098a7,Clock,Clock,,Metal,,accepted,reviewed,Codex evaluation agent independent full source review,Explicit source product wording; assortment/sample words do not erase product evidence.
gold-d486feaf172d4426,Tapestry,Tapestry,Hanging; Woven,,,accepted,reviewed,Codex independent catalog reviewer,Independently reviewed source physical-wording group and complete semantic modifier contexts
gold-d4baf6b15e11ee0f,Photo Frame,Photo Frame,,,,accepted,reviewed,Codex evaluation agent source review,Independent full source selection inspection; explicit physical wording and adjacent modifiers; artwork excluded. Unassessed subtype selections are not assigned.
gold-d4dccef936773918,Plaque,Plaque,,Wood,,accepted,reviewed,Codex primary implementer,Source physical-wording and suffix-attribute groups independently inspected. Artwork nouns and material-looking substrings excluded; no MG codes or reader predictions.
gold-d52addb4b945d39d,Print,Print,Boxed,MDF; Paper,Decoupage,accepted,reviewed,Codex primary implementer,Individual source description reviewed; only stated physical nouns and attributes retained; artwork and dimensions ignored.
gold-d5520099e23da119,Photo Frame,Photo Frame,Die-Cut,,Glitter,accepted,reviewed,Codex evaluation agent source review,Independent full source selection inspection; explicit physical wording and adjacent modifiers; artwork excluded. Unassessed subtype selections are not assigned.
gold-d5d050a88b588e5b,Countdown Clock,Countdown Clock,,MDF,,accepted,reviewed,Codex independent catalog reviewer,Independently reviewed source physical-wording group and complete semantic modifier contexts
gold-d5fa72fe50e9d74a,Tablet Stand,Tablet Stand,,MDF,,accepted,reviewed,Codex independent catalog reviewer,Independent physical noun and all observed modifier groups reviewed; semantic suffix contexts and every underscore variant inspected; no reader predictions
gold-d63bcb06e599fc25,Storage Chest,Storage Chest,Flat-Top,Greyboard,,accepted,reviewed,Codex evaluation agent source review,Independent full source selection inspection; explicit physical wording and adjacent modifiers; artwork excluded. Unassessed subtype selections are not assigned.
gold-d7117de5bdd8219a,Mug,Mug,,Dolomite,,accepted,reviewed,Codex independent catalog reviewer,Independent physical noun and all observed modifier groups reviewed; semantic suffix contexts and every underscore variant inspected; no reader predictions
gold-d74b20b5e2e831c2,Sign,Sign,,Metal,Embossed,accepted,reviewed,Codex primary implementer,Source physical-wording and suffix-attribute groups independently inspected. Artwork nouns and material-looking substrings excluded; no MG codes or reader predictions.
gold-d7a0b815367e96b0,Decorative Bow,Decorative Bow,Dimensional,PE Rattan,,accepted,reviewed,Codex independent catalog reviewer,"Material-only initial segment followed by explicit Dimensional Bow physical head and dimensions. Bow is stated form, Dimensional is stated construction; no prior product head or depiction marker makes this artwork. Preserve independently reviewed material and treatment."
gold-d7a9e02bcbabae3e,Canvas Frame,Canvas Frame,,,,accepted,reviewed,Codex independent catalog reviewer,Independently reviewed source physical-wording group and complete semantic modifier contexts
gold-d7fd3405aa96ca2c,Tapestry,Tapestry,Hanging,Wool,Embroidery,accepted,reviewed,Codex independent material gold reviewer,"Source says wool fabric: one specific wool textile, not a second independent generic fabric material. Same physical clause as 56 existing Wool labels."
gold-d814cf554cbf459a,Wall Art,Wall Art,,,Embroidery,accepted,reviewed,Codex evaluation agent independent source review,"Independent full source inspection; physical wording reviewed, artwork does not establish material or type."
gold-d85fefdd1989b578,Desktop Organizer,Desktop Organizer,,MDF,,accepted,reviewed,Codex independent product-type gold reviewer,"Desk or desktop organizer is explicit; stationery use is not. Licensor, property, style name, compartment count, and accessories do not narrow the product type."
gold-d8a290974d3224f1,Plaque,Plaque,,MDF,,accepted,reviewed,Codex primary implementer,Source physical-wording and suffix-attribute groups independently inspected. Artwork nouns and material-looking substrings excluded; no MG codes or reader predictions.
gold-d8e47734bc7c3de3,Wall Shelf,Wall Shelf,Two-Tier,PE Rattan,,accepted,reviewed,Codex independent catalog reviewer,Independent physical noun and all observed modifier groups reviewed; semantic suffix contexts and every underscore variant inspected; no reader predictions
gold-d8ead03897c9096a,Porch Leaner,Porch Leaner,,,LED,accepted,reviewed,Codex evaluation agent independent full source review,Explicit source product wording; assortment/sample words do not erase product evidence.
gold-d9fa059c31108159,Framed Print,Framed Print,Framed,Glass; Linen,,accepted,reviewed,Codex independent catalog reviewer,Source wording independently reviewed; physical noun and explicit modifiers
gold-da1d2298e6f135d6,Wall Hook,Wall Hook,,MDF,Attachment,accepted,reviewed,Codex independent treatment gold reviewer,Source explicitly names an attached physical ornament/component of the named product.
gold-da3327e79af05ffe,Storage Toy Chest,Storage Toy Chest,,Fabric,,accepted,reviewed,Codex evaluation agent source review,Independent full source selection inspection; explicit physical wording and adjacent modifiers; artwork excluded. Unassessed subtype selections are not assigned.
gold-da68e8368576064e,Frame,Frame,,Greyboard,,accepted,reviewed,Codex independent catalog reviewer,Source wording independently reviewed; physical noun and explicit modifiers
gold-da97b1481b3539df,Letterboard,Letterboard,,Felt,,accepted,reviewed,Codex independent catalog reviewer,Independent physical noun and all observed modifier groups reviewed; semantic suffix contexts and every underscore variant inspected; no reader predictions
gold-daa238c51dfbfccb,Storage Bin,Storage Bin,Rope,Cotton,,accepted,reviewed,Codex evaluation agent source review,Independent full source selection inspection; explicit physical wording and adjacent modifiers; artwork excluded. Unassessed subtype selections are not assigned.
gold-db05990078360b08,Tray,Tray,,Acrylic,,accepted,reviewed,Codex independent catalog reviewer,Independent physical noun and all observed modifier groups reviewed; semantic suffix contexts and every underscore variant inspected; no reader predictions
gold-db3c2cb2730e82bf,Plush Cube Art,Plush Cube Art,Plush,,,accepted,reviewed,Codex evaluation agent independent source review,"Independent full source inspection; physical wording reviewed, artwork does not establish material or type."
gold-dba87b2ea529bde0,Decorative Word,Decorative Word,,MDF; Wire; Wood,,accepted,reviewed,Codex independent material gold reviewer,"Wire word names a physical word made from wire, mounted on the explicitly stated MDF substrate. Wire is a literal material form with unspecified composition; no metal alloy is inferred. Preserve separately stated existing materials and other fields."
gold-dbca131170e1c93b,Mail Organizer,Mail Organizer,With Hooks,MDF,,accepted,reviewed,Codex independent catalog reviewer,Physical Mail Organizer WITH hooks explicitly states component relationship; canonical With Hooks preserves stated meaning consistently with other product-with-hooks constructions. No separate product inference.
gold-dbd2b557c3d41b8e,Sign,Sign,Die-Cut,MDF,,accepted,reviewed,Codex primary implementer,Source physical-wording and suffix-attribute groups independently inspected. Artwork nouns and material-looking substrings excluded; no MG codes or reader predictions.
gold-dc018db486188ff4,Framed Art,Framed Art,Framed,,Foil,accepted,reviewed,Codex evaluation agent source review,Independent full source selection inspection; explicit physical wording and adjacent modifiers; artwork excluded. Unassessed subtype selections are not assigned.
gold-dc17ffce8d59de16,MDF Box,MDF Box,,MDF,Metallic,accepted,reviewed,Codex evaluation agent source review,Independent full source selection inspection; explicit physical wording and adjacent modifiers; artwork excluded. Unassessed subtype selections are not assigned.
gold-dc567655a1e99fe1,Framed Glass Shadowbox,Framed Glass Shadowbox,,Glass,Foil,accepted,reviewed,Codex evaluation agent source review,Independent full source selection inspection; explicit physical wording and adjacent modifiers; artwork excluded. Unassessed subtype selections are not assigned.
gold-dc68bbd374e78835,Plaque,Plaque,,MDF,Attachment,accepted,reviewed,Codex independent treatment gold reviewer,Source explicitly names an attached physical ornament/component of the named product.
gold-dd060b5350f9ed77,Canvas,Canvas,Stretched,Canvas,Glue Embellishment,accepted,reviewed,Codex independent catalog reviewer,Independently reviewed source physical-wording group and complete semantic modifier contexts
gold-dd224b5816ede974,Canvas,Canvas,,Canvas,Gravel; High Gloss,accepted,reviewed,Codex independent catalog reviewer,Independently reviewed underscore product group; suffix semantic contexts checked; no reader predictions
gold-dd3d1ebdb3111bba,Framed Shadowbox,Framed Shadowbox,Framed,,,accepted,reviewed,Codex evaluation agent source review,Independent full source selection inspection; explicit physical wording and adjacent modifiers; artwork excluded. Unassessed subtype selections are not assigned.
gold-dd703cdf41d702ca,Bank,Bank,Die-Cut,MDF; Plastic,,accepted,reviewed,Codex primary implementer,Individual source description reviewed; only stated physical nouns and attributes retained; artwork and dimensions ignored.
gold-dd9cbca9e366082a,Canvas,Canvas,,Canvas,High Gloss,accepted,reviewed,Codex independent catalog reviewer,Independent source phrase grouping; all156 semantic suffix patterns reviewed with up to3 contexts each; restricted direct modifier syntax; no reader predictions
gold-ddb4b22b179bba68,Hook,Hook,,MDF,,accepted,reviewed,Codex independent catalog reviewer,Independent physical noun and all observed modifier groups reviewed; semantic suffix contexts and every underscore variant inspected; no reader predictions
gold-dea5b88de6f4ab53,Plaque,Plaque,Hanging; Three-Tier,Jute; MDF,,accepted,reviewed,Codex primary implementer,Individual source description reviewed; only stated physical nouns and attributes retained; artwork and dimensions ignored.
gold-ded8a49c22885ce6,Mat,Mat,Shaped,Coir,,accepted,reviewed,Codex primary implementer,Independent source wording group review and complete atypical attribute suffix review; no reader predictions. Mat placement never inferred; poly alone does not establish a specific polymer.
gold-df0c45c4fc487fa9,Photo Frame,Photo Frame,,MDF; Plaster,,accepted,reviewed,Codex evaluation agent source review,Independent full source selection inspection; explicit physical wording and adjacent modifiers; artwork excluded. Unassessed subtype selections are not assigned.
gold-df1a0702fd80a98e,Porch Leaner,Porch Leaner,,,,accepted,reviewed,Codex evaluation agent independent full source review,"Same product with and without LED: common type retained, nonuniform treatment blank."
gold-df66ecacb3bc8352,Art,Art,,MDF,,accepted,reviewed,Codex evaluation agent independent full source review,Explicit source product wording; assortment/sample words do not erase product evidence.
gold-df803cdc78e2664c,Wall Figure,Wall Figure,Molded,,,accepted,reviewed,Codex evaluation agent independent source review,"Independent full source inspection; physical wording reviewed, artwork does not establish material or type."
gold-df8d084bc466ace4,Framed Art,Framed Art,Framed; Matted,Glass; Paper,Foil,accepted,reviewed,Codex evaluation agent source review,Independent full source selection inspection; explicit physical wording and adjacent modifiers; artwork excluded. Unassessed subtype selections are not assigned.
gold-e01c84ba86ef5f4d,Banner,Banner,Fishtail; Hanging,Canvas,,accepted,reviewed,Codex independent material gold reviewer,The explicit product noun is banner; fishtail is its shape and hanging is construction. Canvas is the stated material; nine same-phrase banner rows already use Banner/Hanging/Canvas.
gold-e09f13fb6bd99cda,Framed Print,Framed Print,Framed,MDF,Foil,accepted,reviewed,Codex evaluation agent source review,Independent full source selection inspection; explicit physical wording and adjacent modifiers; artwork excluded. Unassessed subtype selections are not assigned.
gold-e1333bde164d8583,Frame,Frame,Floating Frame,Faux Leather,,accepted,reviewed,Codex independent frame-print gold reviewer,Fabric or leather in a frame does not explicitly name fabric art.
gold-e1d9267072978219,Plaque,Plaque,Die-Cut; Layered,MDF,,accepted,reviewed,Codex primary implementer,Source physical-wording and suffix-attribute groups independently inspected. Artwork nouns and material-looking substrings excluded; no MG codes or reader predictions.
gold-e1ecec2f82f53e4b,Door Sign,Door Sign,Hanging,MDF,,accepted,reviewed,Codex independent construction gold reviewer,Hanging rope or hanging sign explicitly states physical placement/construction.
gold-e21da497c3e822f3,Photo Frame,Photo Frame,,PVC,,accepted,reviewed,Codex independent catalog reviewer,Source wording independently reviewed; physical noun and explicit modifiers
gold-e2a7b281298a0288,Framed Print,Framed Print,Framed; Layered,MDF; Metal; Paper,Attachment,accepted,reviewed,Codex independent catalog reviewer,Physical frame WITH paper print AND metal attachment explicitly states an attached component before artwork delimiter; Attachment treatment directly supported. Independent source review also confirms framed construction in the same physical assembly.
gold-e2ab8b811367ecae,Block,Block,Freeform,Ceramic,,accepted,reviewed,Codex independent construction gold reviewer,"Physical source wording; dimensions, licensor, property, color and artwork excluded."
gold-e2b8c7aec35ee6db,File Organizer,File Organizer,Vertical,,,accepted,reviewed,Codex evaluation agent independent source review,"Independent full source inspection; physical wording reviewed, artwork does not establish material or type."
gold-e2c6916be2032e1a,Bank,Bank,Die-Cut,Wood,,accepted,reviewed,Codex primary implementer,Individual source description reviewed; only stated physical nouns and attributes retained; artwork and dimensions ignored.
gold-e2ec80c3c2922b00,Glass Art,Glass Art,,Glass,,accepted,reviewed,Codex evaluation agent independent source review,Source wording independently inspected; product nouns explicit; artwork/size/color excluded; only stated materials and treatments retained.
gold-e31eb5eb1190c841,Canvas,Canvas,,Canvas,Foil; Handpaint,accepted,reviewed,Codex independent catalog reviewer,Independently reviewed underscore product group; suffix semantic contexts checked; no reader predictions
gold-e3274081d432d642,Stationery Organizer,Stationery Organizer,,Plastic,,accepted,reviewed,Codex evaluation agent independent full source review,Explicit source product wording; assortment/sample words do not erase product evidence.
gold-e3518e32b43655cf,Storage Hamper,Storage Hamper,Pop-Up,,,accepted,reviewed,Codex evaluation agent source review,Independent full source selection inspection; explicit physical wording and adjacent modifiers; artwork excluded. Unassessed subtype selections are not assigned.
gold-e37ee777b6bf097c,Porch Leaner,Porch Leaner,,MDF,LED,accepted,reviewed,Codex evaluation agent independent source review,"Independent full source inspection; physical wording reviewed, artwork does not establish material or type."
gold-e3d7bba8aae5e3aa,Hard Storage Box,Hard Storage Box,Lift-Off,Greyboard,Glitter; Glow in the Dark,accepted,reviewed,Codex evaluation agent source review,Independent full source selection inspection; explicit physical wording and adjacent modifiers; artwork excluded. Unassessed subtype selections are not assigned.
gold-e4147e37b5f81eb8,Frame,Frame,Molded,MDF,,accepted,reviewed,Codex independent product-type gold reviewer,Source explicitly identifies an MDF frame as the physical product; artwork/scene inside or on it does not make the product Framed Art.
gold-e4966cd3210d8433,Perpetual Calendar with Pencil Cup,Perpetual Calendar with Pencil Cup,,MDF,,accepted,reviewed,Codex independent catalog reviewer,Source wording independently reviewed; physical noun and explicit modifiers
gold-e4ccdbc632442fd2,Mat,Mat,,Coir; Rubber,,accepted,reviewed,Codex primary implementer,Independent source wording group review and complete atypical attribute suffix review; no reader predictions. Mat placement never inferred; poly alone does not establish a specific polymer.
gold-e505d76825233cf4,Tapestry,Tapestry,,Wood,Embroidery,accepted,reviewed,Codex independent catalog reviewer,Independently reviewed source physical-wording group and complete semantic modifier contexts
gold-e53a44175a5bf2cb,Sign,Sign,Hanging,Wool,Embroidery,accepted,reviewed,Codex independent material gold reviewer,"Sign is an explicit physical noun directly before the wool-fabric embroidered hanging wall-art modifier clause; same item, not mixed products. Wool fabric names one wool textile. Hanging and embroidery are directly stated."
gold-e5903dd4f8258b96,Photo Frame,Photo Frame,,MDF,Attachment,accepted,reviewed,Codex independent treatment gold reviewer,Source explicitly names an attached physical ornament/component of the named product.
gold-e5a64371967223be,Banner,Banner,Hanging,,,accepted,reviewed,Codex independent catalog reviewer,Independently reviewed source physical-wording group and complete semantic modifier contexts
gold-e5b495099e2ad659,Framed Glass Shadowbox,Framed Glass Shadowbox,Deckled Edge,Glass; Paper,Metallic,accepted,reviewed,Codex evaluation agent source review,Independent full source selection inspection; explicit physical wording and adjacent modifiers; artwork excluded. Unassessed subtype selections are not assigned.
gold-e63996e2ab92a915,unreadable,,,,,unreadable,reviewed,Codex evaluation agent independent full source review,Only framed assortment and size stated; no product noun identifies the physical item.
gold-e65a030433c6a64d,Pennant,Pennant,,,,accepted,reviewed,Codex independent catalog reviewer,Independently reviewed source physical-wording group and complete semantic modifier contexts
gold-e6d2342e91b6212c,Slat Art,Slat Art,Slatted,Glass,,accepted,reviewed,Codex independent catalog reviewer,Independently reviewed explicit physical wording; no inferred wall/tabletop form or material
gold-e7a20ff0da59e3ff,Easel,Easel,,,Dry-Erase,accepted,reviewed,Codex independent catalog reviewer,Independently reviewed source physical-wording group and complete semantic modifier contexts
gold-e7c580a9c5941c89,Framed Glass Art,Framed Glass Art,Chain; Framed; Hanging,Glass,Stained Glass,accepted,reviewed,Codex independent construction gold reviewer,The framed glass artwork explicitly has a hanging chain for physical placement.
gold-e83fd374f4ebfdb1,Mat,Mat,,Foam; PVC,,accepted,reviewed,Codex primary implementer,Independent source wording group review and complete atypical attribute suffix review; no reader predictions. Mat placement never inferred; poly alone does not establish a specific polymer.
gold-e85ce9dbfb73fa36,Garden Flag,Garden Flag,Die-Cut,,,accepted,reviewed,Codex independent catalog reviewer,Independent physical noun and all observed modifier groups reviewed; semantic suffix contexts and every underscore variant inspected; no reader predictions
gold-e95bef2f1044fa5a,Hanging Organizer,Hanging Organizer,Hanging,Fabric,,accepted,reviewed,Codex independent partition four source reviewer,Hanging multi-shelf organizer stated; closet placement not stated. Remove inferred location.
gold-e9d4d06c09b8ccbe,Framed Canvas,Framed Canvas,Floating Frame,Canvas,Beading,accepted,reviewed,Codex independent catalog reviewer,Independently reviewed source physical-wording group and complete semantic modifier contexts
gold-e9d8c0d387e01b26,Framed Print,Framed Print,Framed; Layered,MDF,LED,accepted,reviewed,Codex evaluation agent independent source review,"Independent full source inspection; physical wording reviewed, artwork does not establish material or type."
gold-ea0d95446204de01,Votive Holder,Votive Holder,,Polyresin,,accepted,reviewed,Codex evaluation agent independent source review,"Independent full source inspection; physical wording reviewed, artwork does not establish material or type."
gold-ea279f621f50d66d,Mat,Mat,Die-Cut,TPE,,accepted,reviewed,Codex primary implementer,Independent source wording group review and complete atypical attribute suffix review; no reader predictions. Mat placement never inferred; poly alone does not establish a specific polymer.
gold-ea32bf2555d9166e,Framed Print,Framed Print,Framed; Setback,Paper,,accepted,reviewed,Codex independent product-type gold reviewer,"Frame WITH Printed Linen Paper explicitly identifies a framed printed-paper assembly. Linen paper is Paper, not an inferred linen textile. Artwork after underscore does not establish product."
gold-ea5f85ca10be4252,Light-Up Silhouette,Light-Up Silhouette,,MDF,LED,accepted,reviewed,Codex independent product-type gold reviewer,Logo is licensed artwork; LED-lit silhouette names the physical form.
gold-eb54e21fd5ebb52e,Wall Decal,Wall Decal,,,,accepted,reviewed,Codex independent catalog reviewer,Independent physical noun and all observed modifier groups reviewed; semantic suffix contexts and every underscore variant inspected; no reader predictions
gold-eb81ccc461008b58,Canvas,Canvas,,Canvas; Wire,Attachment,accepted,reviewed,Codex independent catalog reviewer,Independently reviewed source physical-wording group and complete semantic modifier contexts
gold-ebac6c764d288a2d,Faux Book,Faux Book,,,,accepted,reviewed,Codex evaluation agent independent full source review,Faux book explicitly named; storage function not assumed from commercial context.
gold-ebf80aaf8ec5f823,Plaque,Plaque,,MDF,Gel Coat,accepted,reviewed,Codex primary implementer,Source physical-wording and suffix-attribute groups independently inspected. Artwork nouns and material-looking substrings excluded; no MG codes or reader predictions.
gold-ec4d1dccccd683de,Yarn Art,Yarn Art,,Yarn,,accepted,reviewed,Codex independent catalog reviewer,Independently reviewed source physical-wording group and complete semantic modifier contexts
gold-ecbf178acc1a1ac6,Canvas,Canvas,,Canvas,Crystal Gravel,accepted,reviewed,Codex independent catalog reviewer,Independently reviewed underscore product group; suffix semantic contexts checked; no reader predictions
gold-ed040a7b6b205085,Frame,Frame,,Boucle; Faux Leather; MDF,Textured,accepted,reviewed,Codex independent frame-print gold reviewer,Fabric or leather in a frame does not explicitly name fabric art.
gold-ed4f0b5c99e36579,Framed Canvas,Framed Canvas,Floating Frame,Canvas,Handpaint,accepted,reviewed,Codex independent catalog reviewer,Independently reviewed source physical-wording group and complete semantic modifier contexts
gold-ed54d6141b115ce0,Kitchen Mat,Kitchen Mat,Anti-Fatigue,PVC,,accepted,reviewed,Codex primary implementer,Independent source wording group review and complete atypical attribute suffix review; no reader predictions. Mat placement never inferred; poly alone does not establish a specific polymer.
gold-ed57cd3096288f34,Countdown Calendar,Countdown Calendar,Block,MDF,,accepted,reviewed,Codex independent partition three source reviewer,"The source explicitly says MDF block countdown calendar; block is the physical construction. The accepted perpetual-calendar peers use Block construction, while the calendar type remains unchanged."
gold-eda490ef715a9097,Canvas,Canvas,,Canvas,Embroidery,accepted,reviewed,Codex independent catalog reviewer,Independently reviewed underscore product group; suffix semantic contexts checked; no reader predictions
gold-edcfc9b2c6ac310e,Candle Holder,Candle Holder,,Resin,,accepted,reviewed,Codex primary implementer,Individual source description reviewed; only stated physical nouns and attributes retained; artwork and dimensions ignored.
gold-ee07335623ff55f9,Canvas,Canvas,,Canvas; Denim,Embroidery,accepted,reviewed,Codex independent catalog reviewer,Independently reviewed source physical-wording group and complete semantic modifier contexts
gold-ee10918fd2a69026,Framed Canvas,Framed Canvas,Floating Frame,Canvas; Fabric,Attachment,accepted,reviewed,Codex independent catalog reviewer,Independently reviewed source physical-wording group and complete semantic modifier contexts
gold-ee5c2e8d8d863c8d,Canvas,Canvas,Double-Layer,Canvas; PVC,Glitter,accepted,reviewed,Codex independent catalog reviewer,Independent source phrase grouping; all156 semantic suffix patterns reviewed with up to3 contexts each; restricted direct modifier syntax; no reader predictions
gold-ee8fef7b8ecf0054,Framed Glass Art,Framed Glass Art,Framed,Glass,Dried Flowers,accepted,reviewed,Codex evaluation agent source review,Independent full source selection inspection; explicit physical wording and adjacent modifiers; artwork excluded. Unassessed subtype selections are not assigned.
gold-eefd0552ce47e18e,Banner,Banner,Framed,Glass; Satin,,accepted,reviewed,Codex independent catalog reviewer,Independently reviewed source physical-wording group and complete semantic modifier contexts
gold-ef00c140b7f055c8,MDF Box,MDF Box,,MDF; Steel,,accepted,reviewed,Codex evaluation agent source review,Independent full source selection inspection; explicit physical wording and adjacent modifiers; artwork excluded. Unassessed subtype selections are not assigned.
gold-ef243aea157b84b6,Hard Storage Box,Hard Storage Box,Lift-Off,Greyboard,Foil,accepted,reviewed,Codex evaluation agent source review,Independent full source selection inspection; explicit physical wording and adjacent modifiers; artwork excluded. Unassessed subtype selections are not assigned.
gold-ef34829de2bc6fef,Trinket Tray,Trinket Tray,,Ceramic,Foil,accepted,reviewed,Codex independent catalog reviewer,Independent physical noun and all observed modifier groups reviewed; semantic suffix contexts and every underscore variant inspected; no reader predictions
gold-ef94b585d471f940,Frame,Frame,Floating Frame,,Gel Coat,accepted,reviewed,Codex independent catalog reviewer,Source wording independently reviewed; physical noun and explicit modifiers
gold-ef95838d7aad7f28,Framed Glass Shadowbox,Framed Glass Shadowbox,Framed,Glass; Paper,,accepted,reviewed,Codex evaluation agent source review,Independent full source selection inspection; explicit physical wording and adjacent modifiers; artwork excluded. Unassessed subtype selections are not assigned.
gold-efcb4c096b170e3e,Storage Cube,Storage Cube,Tapered,Fabric,,accepted,reviewed,Codex evaluation agent source review,Independent full source selection inspection; explicit physical wording and adjacent modifiers; artwork excluded. Unassessed subtype selections are not assigned.
gold-f00ce1b887064c67,Art,Art,Round,,Embroidery,accepted,reviewed,Codex evaluation agent independent source review,"Independent full source inspection; physical wording reviewed, artwork does not establish material or type."
gold-f08a9ffa9b7b0e23,Framed Shadowbox,Framed Shadowbox,Framed; Molded,,,accepted,reviewed,Codex independent construction gold reviewer,"Source title explicitly names a physical frame belonging to the shadowbox; artwork, licensor, property, color and size do not determine product type."
gold-f1ce8ac6a2d690ba,Canvas,Canvas,Shaped,Canvas,,accepted,reviewed,Codex independent catalog reviewer,Independent source phrase grouping; all156 semantic suffix patterns reviewed with up to3 contexts each; restricted direct modifier syntax; no reader predictions
gold-f1f8c40d3ece2fd3,Canvas,Canvas,,Canvas,Varnish,accepted,reviewed,Codex independent catalog reviewer,Independent source phrase grouping; all156 semantic suffix patterns reviewed with up to3 contexts each; restricted direct modifier syntax; no reader predictions
gold-f220f0fc1ee4da2e,Pennant,Pennant,,Felt,,accepted,reviewed,Codex independent catalog reviewer,Independently reviewed source physical-wording group and complete semantic modifier contexts
gold-f2c607489adccc28,Birdhouse,Birdhouse,,Plywood,,accepted,reviewed,Codex independent catalog reviewer,Independent physical noun and all observed modifier groups reviewed; semantic suffix contexts and every underscore variant inspected; no reader predictions
gold-f2f10d836a545a4e,Photo Frame,Photo Frame,Die-Cut,,Foil,accepted,reviewed,Codex evaluation agent source review,Independent full source selection inspection; explicit physical wording and adjacent modifiers; artwork excluded. Unassessed subtype selections are not assigned.
gold-f2f968d9e995e318,Guitar Hook,Guitar Hook,,Wood,,accepted,reviewed,Codex independent catalog reviewer,Independent physical noun and all observed modifier groups reviewed; semantic suffix contexts and every underscore variant inspected; no reader predictions
gold-f316fde940a77e89,Mat,Mat,Shaped,,,accepted,reviewed,Codex primary implementer,Independent source wording group review and complete atypical attribute suffix review; no reader predictions. Mat placement never inferred; poly alone does not establish a specific polymer.
gold-f3457869b35d8924,Framed Print,Framed Print,Framed,,Soft Touch,accepted,reviewed,Codex evaluation agent source review,Independent full source selection inspection; explicit physical wording and adjacent modifiers; artwork excluded. Unassessed subtype selections are not assigned.
gold-f355a9af60715b28,Door Mat,Door Mat,Half-Circle,Coir,,accepted,reviewed,Codex primary implementer,Individual source description reviewed; only stated physical nouns and attributes retained; artwork and dimensions ignored.
gold-f39be580c13f7db3,Canvas,Canvas,Stretched,Canvas,Glow in the Dark,accepted,reviewed,Codex independent catalog reviewer,"Canonical wording normalization only: source explicitly says glow in the dark, including hyphenated variants. Article omission in earlier independent canvas labels does not denote a different treatment. Canonical Glow in the Dark follows full source phrase and existing sign/storage gold."
gold-f4a46c99c43a500a,Suncatcher,Suncatcher,,,,accepted,reviewed,Codex independent product-type gold reviewer,Owner-selected canonical spelling follows explicit one-word source noun suncatcher; all other fields preserved.
gold-f4d06b54656c8471,Paint-Your-Own Canvas Set,Paint-Your-Own Canvas Set,,Canvas,,accepted,reviewed,Codex independent catalog reviewer,Independent source phrase grouping; all156 semantic suffix patterns reviewed with up to3 contexts each; restricted direct modifier syntax; no reader predictions
gold-f4d2edacc66bead0,Framed Canvas,Framed Canvas,Floating Frame,Canvas,Glitter; Gravel; Handpaint,accepted,reviewed,Codex independent catalog reviewer,Independently reviewed underscore product group; suffix semantic contexts checked; no reader predictions
gold-f504632bfc7c8fbb,Organizer,Organizer,Faux Book,MDF,Foil,accepted,reviewed,Codex independent partition five source reviewer,The physical noun is organizer in faux-book form; no box is stated.
gold-f55044a498f77aa4,Shadowbox,Shadowbox,,,,accepted,reviewed,Codex independent catalog reviewer,Source wording independently reviewed; physical noun and explicit modifiers
gold-f5aebc15526af5bc,Keychain,Keychain,,Plush,,accepted,reviewed,Codex independent catalog reviewer,Independent physical noun and all observed modifier groups reviewed; semantic suffix contexts and every underscore variant inspected; no reader predictions
gold-f633f24a71a73871,Framed Art,Framed Art,Framed; Matted,,Glitter,accepted,reviewed,Codex evaluation agent source review,Independent full source selection inspection; explicit physical wording and adjacent modifiers; artwork excluded. Unassessed subtype selections are not assigned.
gold-f6cb5a37980eea9e,Alarm Clock,Alarm Clock,Cube,Plastic,,accepted,reviewed,Codex independent catalog reviewer,Independently reviewed source physical-wording group and complete semantic modifier contexts
gold-f6f04848aeceb638,Framed Glass Art,Framed Glass Art,,Glass,Glitter,accepted,reviewed,Codex independent frame-print gold reviewer,Printed glass with frame is explicit.
gold-f73561e0c0506324,Floating Character Box,Floating Character Box,Floating,MDF,Foil,accepted,reviewed,Codex evaluation agent source review,Independent full source selection inspection; explicit physical wording and adjacent modifiers; artwork excluded. Unassessed subtype selections are not assigned. Source class correction: explicit Oxford means Fabric; floating character physical form and floating frame vocabulary retained.
gold-f7c0135e6a8abbf7,Block,Block,,,,accepted,reviewed,Codex independent catalog reviewer,Source wording independently reviewed; physical noun and explicit modifiers
gold-f7df6643de9d4c87,Framed Art,Framed Art,Framed; Raised,Rattan; Resin,,accepted,reviewed,Codex independent catalog reviewer,Physical wording and modifiers independently reviewed against source
gold-f7f1e0f152299a93,Canvas,Canvas,,Canvas,Rhinestone,accepted,reviewed,Codex independent catalog reviewer,Independently reviewed source physical-wording group and complete semantic modifier contexts
gold-f8387520f25efc6b,Storage Bin,Storage Bin,,Canvas,,accepted,reviewed,Codex evaluation agent source review,Independent full source selection inspection; explicit physical wording and adjacent modifiers; artwork excluded. Unassessed subtype selections are not assigned.
gold-f885f1bb6ef46244,Tablet Stand,Tablet Stand,,,,accepted,reviewed,Codex independent catalog reviewer,Independent physical noun and all observed modifier groups reviewed; semantic suffix contexts and every underscore variant inspected; no reader predictions
gold-f8eb4f4a35e2a477,Photo Frame,Photo Frame,Die-Cut,MDF,Attachment,accepted,reviewed,Codex independent treatment gold reviewer,Source explicitly names an attached physical ornament/component of the named product.
gold-f939b77779793ca1,Plaque,Plaque,Die-Cut,MDF,LED; LED,accepted,reviewed,Codex primary implementer,Source physical-wording and suffix-attribute groups independently inspected. Artwork nouns and material-looking substrings excluded; no MG codes or reader predictions.
gold-f96d4f04f38ddc6c,Advent Calendar,Advent Calendar,,,,accepted,reviewed,Codex evaluation agent independent source review,"Independent full source inspection; physical wording reviewed, artwork does not establish material or type."
gold-f98333c9d5405f37,Storage Bin,Storage Bin,Tapered,,,accepted,reviewed,Codex evaluation agent source review,Independent full source selection inspection; explicit physical wording and adjacent modifiers; artwork excluded. Unassessed subtype selections are not assigned.
gold-f9df3254a256ef36,Sign,Sign,Hanging; Leaner,MDF,,accepted,reviewed,Codex independent construction gold reviewer,Hanging explicitly modifies sign in same porch-leaner product phrase; both modes stated.
gold-f9e9de816de828e5,Lap Desk,Lap Desk,USB Ports,,,accepted,reviewed,Codex independent catalog reviewer,Independent physical noun and all observed modifier groups reviewed; semantic suffix contexts and every underscore variant inspected; no reader predictions
gold-fa06627709175dcb,MDF Box,MDF Box,,Acrylic; MDF,,accepted,reviewed,Codex independent product-type gold reviewer,MDF Box is explicit.
gold-fa9180f9b210ef6a,Frame,Frame,,Glass; Wood,Distressed,accepted,reviewed,Codex independent frame-print gold reviewer,"Source names a frame and its contents/features, not a distinct art product."
gold-fb3c254bbf621019,Sequin Art,Sequin Art,,,Sequins,accepted,reviewed,Codex independent catalog reviewer,Independently reviewed source physical-wording group and complete semantic modifier contexts
gold-fb43db43ece7dc89,Art,Art,Hexagonal,,,accepted,reviewed,Codex independent catalog reviewer,Independently reviewed explicit physical wording; no inferred wall/tabletop form or material
gold-fb68c3af848e0b20,Garden Flag,Garden Flag,,Fabric,,accepted,reviewed,Codex independent catalog reviewer,Independent physical noun and all observed modifier groups reviewed; semantic suffix contexts and every underscore variant inspected; no reader predictions
gold-fb7748b2f7396229,Canvas,Canvas,Stretched,Canvas; Faux Leather,Faux Leather Patch,accepted,reviewed,Codex independent material gold reviewer,Explicit physical canvas with faux leather modifier/patch; named material precedes artwork clause. Faux does not authorize real leather or inferred PU.
gold-fba713bab16c4029,Block,Block,Die-Cut,MDF,,accepted,reviewed,Codex independent construction gold reviewer,"Physical source wording; dimensions, licensor, property, color and artwork excluded."
gold-fbab4eb2ced04637,Print,Print,,MDF,Metallic,accepted,reviewed,Codex independent catalog reviewer,Source wording independently reviewed; physical noun and explicit modifiers
gold-fbd18f43cc6eb756,Button Art,Button Art,,,Button Embellishment,accepted,reviewed,Codex independent catalog reviewer,Independently reviewed source physical-wording group and complete semantic modifier contexts
gold-fbdf6dcc1c675f4b,Canvas,Canvas,,Burlap; Canvas,,accepted,reviewed,Codex independent catalog reviewer,Independently reviewed source physical-wording group and complete semantic modifier contexts
gold-fc107691b0b75b22,MDF Box,MDF Box,,MDF; PVC,,accepted,reviewed,Codex evaluation agent source review,Independent full source selection inspection; explicit physical wording and adjacent modifiers; artwork excluded. Unassessed subtype selections are not assigned.
gold-fcc00bab379dc19a,Box,Box,Hexagonal,Glass,,accepted,reviewed,Codex independent lexical gold reviewer,Source states a hexagonal glass box and lid decoration but no storage function; use the neutral Box product type. Metallic/gold appearance is not a material claim.
gold-fce4d874f2986e30,Sign,Sign,Hanging,MDF,Attachment,accepted,reviewed,Codex independent construction gold reviewer,Hanging rope or hanging sign explicitly states physical placement/construction.
gold-fd2edaec61a900f2,Framed Glass Art,Framed Glass Art,Framed,Glass,Stained Glass,accepted,reviewed,Codex evaluation agent source review,Independent full source selection inspection; explicit physical wording and adjacent modifiers; artwork excluded. Unassessed subtype selections are not assigned.
gold-fd8be21047639eba,Mat,Mat,Die-Cut,Coir,,accepted,reviewed,Codex primary implementer,Independent source wording group review and complete atypical attribute suffix review; no reader predictions. Mat placement never inferred; poly alone does not establish a specific polymer.
gold-fd9017fa9ce374ce,Framed Print,Framed Print,Framed; Matted,,,accepted,reviewed,Codex evaluation agent source review,Independent full source selection inspection; explicit physical wording and adjacent modifiers; artwork excluded. Unassessed subtype selections are not assigned.
gold-fdd184d2d07c7150,Storage Chest,Storage Chest,Flat-Domed,Greyboard,Foil,accepted,reviewed,Codex evaluation agent source review,Independent full source selection inspection; explicit physical wording and adjacent modifiers; artwork excluded. Unassessed subtype selections are not assigned.
gold-fe96197a4cee4993,Dimensional Decor,Dimensional Decor,,Paper,,accepted,reviewed,Codex evaluation agent independent source review,"Independent full source inspection; physical wording reviewed, artwork does not establish material or type."
gold-feddb8f608e9fd92,Calendar,Calendar,,,Dry-Erase,accepted,reviewed,Codex independent catalog reviewer,Source wording independently reviewed; physical noun and explicit modifiers
gold-feddc14512bd68b7,Garden Flag,Garden Flag,,,,accepted,reviewed,Codex independent catalog reviewer,Independent physical noun and all observed modifier groups reviewed; semantic suffix contexts and every underscore variant inspected; no reader predictions
gold-feeb83bf99dde497,Kitchen Mat,Kitchen Mat,,PVC,,accepted,reviewed,Codex primary implementer,Independent source wording group review and complete atypical attribute suffix review; no reader predictions. Mat placement never inferred; poly alone does not establish a specific polymer.
gold-fef4f16f5fafa7f4,Canvas,Canvas,,Canvas,Gloss,accepted,reviewed,Codex independent catalog reviewer,Canvas with Gloss explicitly states generic Gloss; High Gloss intensity is not stated and is not inferred.
gold-ffa33bb2acf9bb11,Framed Canvas,Framed Canvas,Framed,Canvas,Handpaint,accepted,reviewed,Codex independent catalog reviewer,Independently reviewed source physical-wording group and complete semantic modifier contexts
gold-baa82074507925cd,Faux Book,Faux Book,,MDF,,accepted,reviewed,Claude independent Faux Book family source reviewer,Faux book storage piece; no hard box stated. Type Faux Book; Set only when set/N-piece is explicit; stated material kept.
gold-1fd54db28dedc246,Faux Book,Faux Book,Set,Greyboard,,accepted,reviewed,Claude independent Faux Book family source reviewer,Faux book storage piece; no hard box stated. Type Faux Book; Set only when set/N-piece is explicit; stated material kept.
gold-4f95ebd1fcc3a1a8,Faux Book,Faux Book,Set,MDF,,accepted,reviewed,Claude independent Faux Book family source reviewer,Faux book storage piece; no hard box stated. Type Faux Book; Set only when set/N-piece is explicit; stated material kept.
gold-4cee5b74dfd5bcc3,Faux Book,Faux Book,,PU Leather,,accepted,reviewed,Claude independent Faux Book family source reviewer,Faux book storage piece; no hard box stated. Type Faux Book; Set only when set/N-piece is explicit; stated material kept.
